id,timestamp,sex,height_cm,weight_kg,arm_span_cm,years_climbing,max_v_grade,project_v_grade,max_route_grade,project_route_grade,sessions_per_week,climbing_hours_per_week,training_hours_per_week,max_hang_halfcrimp_18mm_10s_kg,max_hang_opencrimp_18mm_10s_kg,min_edge_halfcrimp_mm,min_edge_opencrimp_mm,max_pullup_reps
1,1/29/2017 20:12:46,Male,173.0,77.0,178.0,4.75,8.0,6.0,,,4,8,6,0.0,0.0,0.0,0.0,15.0
2,1/29/2017 20:17:27,Male,180.0,81.0,180.0,3.25,3.0,1.0,17.0,,1,3,10,,81.0,,,11.0
3,1/29/2017 20:28:14,Male,178.0,67.0,175.0,0.75,7.0,5.0,21.0,19.0,3,4,3,25.0,81.0,,,17.0
4,1/29/2017 20:51:08,Male,173.0,70.0,178.0,9.25,5.0,3.0,21.0,18.0,2,6,1,15.0,,,,8.0
5,1/29/2017 21:03:19,Male,184.0,84.0,197.0,6.75,10.0,7.0,,,6,10,2,,,8.0,8.0,
6,1/29/2017 21:03:28,Male,176.0,67.0,170.0,5.25,7.0,7.0,22.0,18.0,0,0,0,,,,,9.0
7,1/29/2017 21:25:54,Male,184.0,75.0,181.0,1.25,4.0,2.0,,,2,4,0,,,,,15.0
8,1/29/2017 22:10:27,Male,186.0,88.0,192.0,1.75,5.0,3.0,23.0,21.0,3,8,8,,,,,9.0
9,1/29/2017 22:43:43,Male,185.0,60.0,180.0,0.75,2.0,1.0,21.0,18.0,1,3,1,,,,,
10,1/29/2017 23:28:42,Male,180.0,80.0,,8.75,9.0,6.0,,,4,3,8,60.0,,,,
11,1/29/2017 23:37:06,Male,178.0,81.6,178.0,5.75,7.0,5.0,25.0,21.0,2,4,0,0.0,0.0,,,7.0
12,1/29/2017 23:42:34,Male,175.0,60.0,180.0,5.75,8.0,8.0,30.0,28.0,2,6,0,,,,,
13,1/29/2017 23:46:55,Female,168.0,54.0,170.0,1.25,6.0,4.0,25.0,22.0,4,8,8,,,,,12.0
14,1/30/2017 0:23:36,Female,157.5,50.8,158.0,2.75,4.0,2.0,23.0,19.0,2,4,1,,,,,3.0
15,1/30/2017 0:24:52,Male,163.0,65.0,165.0,5.25,11.0,7.0,,,4,12,4,60.0,50.0,6.0,6.0,35.0
16,1/30/2017 0:30:09,Male,174.0,70.0,178.0,1.25,3.0,2.0,22.0,20.0,0,1,0,,,,,10.0
17,1/30/2017 0:30:18,Male,188.0,100.0,195.6,3.75,9.0,5.0,25.0,22.0,4,10,3,22.0,23.0,,,
18,1/30/2017 0:31:44,Female,164.0,53.0,170.0,2.25,6.0,4.0,,,3,6,3,,,,,11.0
19,1/30/2017 0:38:22,Male,176.0,60.0,177.0,2.75,7.0,5.0,25.0,23.0,3,8,2,,,,,10.0
20,1/30/2017 0:45:14,Male,175.0,63.5,180.0,3.75,10.0,8.0,,,3,9,3,50.0,,6.0,,
21,1/30/2017 0:50:13,Male,190.0,82.0,197.0,2.75,6.0,4.0,24.0,20.0,3,4,2,10.0,0.0,18.0,18.0,10.0
22,1/30/2017 0:55:13,Male,177.0,66.0,178.0,7.75,7.0,6.0,29.0,26.0,3,8,1,0.0,0.0,,10.0,20.0
23,1/30/2017 1:06:26,Male,179.0,69.0,178.0,12.25,10.0,8.0,31.0,21.0,3,5,7,14.0,16.0,10.0,10.0,12.0
24,1/30/2017 1:10:02,Male,185.4,82.0,186.0,4.25,7.0,5.0,28.0,24.0,3,4,2,49.8,,,,
25,1/30/2017 1:17:20,Female,165.1,53.0,165.1,3.75,3.0,1.0,22.0,21.0,5,10,3,,,,,5.0
26,1/30/2017 1:18:37,Female,157.0,47.0,155.0,8.25,,3.0,27.0,24.0,4,6,6,,,,,
27,1/30/2017 1:19:51,Male,180.0,79.5,185.0,0.25,4.0,3.0,,,3,6,3,,,,,18.0
28,1/30/2017 1:29:32,Male,186.0,73.0,190.0,2.25,5.0,3.0,23.0,20.0,2,6,1,,,,,12.0
29,1/30/2017 1:37:45,Male,183.0,100.0,185.0,2.25,6.0,4.0,25.0,22.0,2,4,0,,,,,12.0
30,1/30/2017 1:44:47,Male,167.0,60.0,179.0,3.75,9.0,4.0,22.0,16.0,3,6,3,30.0,,8.0,,13.0
31,1/30/2017 1:56:42,Male,173.0,86.0,173.0,1.75,6.0,4.0,23.0,22.0,3,4,4,30.0,35.0,16.0,14.0,32.0
32,1/30/2017 2:05:50,Male,182.0,72.0,182.0,15.0,11.0,9.0,31.0,,3,4,2,62.0,62.0,,,25.0
33,1/30/2017 2:09:41,Male,170.0,64.0,165.0,0.75,6.0,5.0,25.0,23.0,1,3,3,,,,,16.0
34,1/30/2017 2:12:00,Male,182.0,76.0,180.0,4.75,6.0,4.0,26.0,20.0,1,3,3,,,,,10.0
35,1/30/2017 2:17:43,Male,175.0,177.0,168.0,3.75,9.0,7.0,27.0,23.0,2,5,3,,30.0,,,25.0
36,1/30/2017 2:22:24,Male,178.0,70.3,178.0,0.25,4.0,2.0,17.0,17.0,3,5,3,,,,,18.0
37,1/30/2017 2:27:58,Male,183.0,80.0,187.0,1.75,4.0,3.0,20.0,20.0,3,6,0,,,,,10.0
38,1/30/2017 2:29:03,Male,175.0,85.0,180.0,3.25,8.0,5.0,25.0,21.0,4,8,3,,,,,
39,1/30/2017 2:34:07,Male,182.0,73.0,184.0,14.75,8.0,6.0,,,3,2,5,,50.0,,6.0,15.0
40,1/30/2017 2:38:09,Male,173.0,58.0,173.0,1.75,8.0,6.0,,,2,5,2,25.0,,,,
41,1/30/2017 2:40:27,Male,62.0,172.0,184.0,8.25,11.0,8.0,29.0,28.0,3,7,5,50.0,55.0,,,13.0
42,1/30/2017 2:49:27,Male,193.0,79.0,193.0,2.25,8.0,5.0,25.0,24.0,3,7,6,,,,,20.0
43,1/30/2017 3:13:26,Male,174.0,65.0,176.0,1.25,5.0,3.0,22.0,20.0,3,8,1,,,,,15.0
44,1/30/2017 3:22:25,Male,186.0,72.5,190.0,2.25,8.0,5.0,27.0,24.0,4,8,8,38.5,,,,20.0
45,1/30/2017 3:56:50,Male,188.0,73.0,189.0,0.25,,,17.0,15.0,1,3,8,,,,,16.0
46,1/30/2017 3:58:36,Female,172.72,79.3787,85.0,2.75,3.0,2.0,22.0,21.0,4,10,2,,,,,1.0
47,1/30/2017 3:58:54,Male,182.0,79.0,184.0,2.75,6.0,4.0,22.0,20.0,3,10,1,5.0,2.0,,,12.0
48,1/30/2017 4:09:26,Male,178.0,74.0,170.0,0.75,5.0,4.0,21.0,19.0,4,10,0,,,,,
49,1/30/2017 4:12:21,Male,170.0,59.0,172.0,2.75,8.0,5.0,,,5,17,3,,,10.0,10.0,20.0
50,1/30/2017 4:15:56,Female,168.0,69.0,165.0,4.75,6.0,4.0,25.0,20.0,4,8,1,,,,,6.0
51,1/30/2017 4:17:46,Male,185.0,79.0,185.0,2.75,6.0,5.0,27.0,23.0,5,12,2,,80.0,,9.0,
52,1/30/2017 4:18:32,Male,195.0,85.0,,1.75,5.0,3.0,,,3,5,2,,,,,
53,1/30/2017 4:18:32,Male,176.0,63.5,175.0,2.75,9.0,7.0,29.0,27.0,3,8,4,,,6.0,,
54,1/30/2017 4:18:52,Female,165.0,56.0,165.0,3.25,6.0,4.0,23.0,20.0,3,9,2,,,,,
55,1/30/2017 4:34:53,Male,178.0,72.0,180.0,10.25,9.0,6.0,29.0,26.0,4,7,6,13.0,32.0,,,18.0
56,1/30/2017 4:39:08,Male,185.0,73.0,187.0,6.75,11.0,9.0,32.0,30.0,5,10,6,53.0,,,,
57,1/30/2017 4:47:42,Male,182.8,76.0,189.0,15.0,8.0,4.0,29.0,24.0,2,4,8,38.0,50.0,,,
58,1/30/2017 4:50:55,Male,178.0,72.0,178.0,1.75,8.0,5.0,24.0,21.0,3,10,3,,,,,10.0
59,1/30/2017 5:09:07,Male,180.0,86.0,177.0,0.75,7.0,5.0,32.0,27.0,3,9,2,0.0,0.0,0.0,0.0,45.0
60,1/30/2017 5:09:27,Male,174.0,75.0,180.0,11.75,6.0,4.0,28.0,25.0,3,8,0,,,,,20.0
61,1/30/2017 5:09:41,Male,178.0,59.0,183.0,2.75,8.0,6.0,25.0,22.0,3,6,3,10.0,10.0,15.0,15.0,12.0
62,1/30/2017 5:15:48,Male,175.0,73.0,183.0,0.25,2.0,2.0,,,2,4,2,,,,,12.0
63,1/30/2017 5:18:43,Male,178.0,70.0,195.0,14.75,13.0,11.0,33.0,31.0,4,12,4,56.0,66.0,,,25.0
64,1/30/2017 5:30:52,Female,170.0,59.0,173.0,1.25,,,23.0,21.0,4,7,12,,,,,3.0
65,1/30/2017 5:38:29,Male,177.0,70.0,185.5,5.25,7.0,6.0,26.0,25.0,4,7,1,,17.0,,,
66,1/30/2017 5:42:30,Male,178.0,75.0,180.0,5.75,7.0,5.0,21.0,19.0,4,5,5,0.0,20.0,,,12.0
67,1/30/2017 5:43:58,Female,165.0,65.0,163.0,4.75,4.0,2.0,21.0,19.0,4,9,0,0.0,0.0,0.0,0.0,1.0
68,1/30/2017 5:49:36,Male,174.0,73.0,179.0,4.25,7.0,5.0,27.0,24.0,3,5,2,29.0,,,,15.0
69,1/30/2017 5:51:27,Male,180.0,65.77,185.0,8.25,11.0,8.0,,,4,5,10,75.0,70.0,,,30.0
70,1/30/2017 6:01:41,Female,171.0,74.0,178.0,2.75,5.0,4.0,25.0,23.0,1,3,0,,,,,2.0
71,1/30/2017 6:08:14,Male,170.0,66.5,171.0,10.75,4.0,3.0,24.0,18.0,2,4,8,,,,,10.0
72,1/30/2017 6:11:16,Male,188.0,87.0,200.0,1.25,6.0,4.0,22.0,19.0,3,7,2,,,,,8.0
73,1/30/2017 6:17:09,Male,180.0,74.0,180.0,2.25,8.0,4.0,24.0,21.0,3,9,0,,,,,12.0
74,1/30/2017 6:42:00,Male,186.0,70.0,196.0,0.25,5.0,2.0,22.0,20.0,4,10,0,,,,,
75,1/30/2017 6:43:37,Male,177.0,61.2,177.0,1.25,5.0,3.0,,,3,5,3,,,,,
76,1/30/2017 7:02:58,Male,175.0,73.0,177.0,15.0,7.0,4.0,32.0,29.0,3,5,2,,,,,
77,1/30/2017 7:04:53,Male,168.0,55.0,173.0,5.75,13.0,8.0,,,3,5,3,,,,,
78,1/30/2017 8:08:40,Male,193.0,90.0,195.0,3.25,,,25.0,19.0,3,9,1,,,,,23.0
79,1/30/2017 8:09:45,Male,175.0,56.7,177.5,8.25,10.0,7.0,,,3,9,1,,,,,20.0
80,1/30/2017 8:19:31,Male,160.0,52.0,163.0,2.25,7.0,5.0,,,3,9,9,9.0,16.0,,,15.0
81,1/30/2017 8:43:42,Male,185.0,67.0,,6.25,,,22.0,17.0,2,1,4,,,,,
82,1/30/2017 9:00:54,Male,177.0,71.0,178.0,15.0,10.0,8.0,30.0,27.0,3,7,2,,55.0,10.0,14.0,25.0
83,1/30/2017 9:07:50,Male,160.0,44.0,167.0,4.75,9.0,6.0,,,7,12,12,55.0,,6.0,,
84,1/30/2017 9:27:21,Male,172.0,68.0,172.0,2.25,9.0,7.0,,,3,4,5,,28.0,6.0,,25.0
85,1/30/2017 10:04:20,Male,180.0,63.0,177.0,15.0,9.0,7.0,27.0,24.0,3,4,6,35.0,43.0,,,22.0
86,1/30/2017 10:40:11,Male,184.0,78.0,184.0,4.25,11.0,8.0,26.0,,4,11,2,,,,,
87,1/30/2017 11:02:31,Male,183.0,77.5,193.0,2.75,10.0,7.0,,,5,12,6,38.5,55.0,,,18.0
88,1/30/2017 11:06:40,Male,182.0,78.0,190.0,3.25,7.0,4.0,22.0,19.0,3,2,3,0.0,0.0,0.0,0.0,20.0
89,1/30/2017 11:13:05,Male,184.0,90.0,186.0,15.0,8.0,4.0,26.0,22.0,2,4,0,,,,,
90,1/30/2017 11:13:32,Male,178.0,68.0,178.0,2.25,8.0,6.0,26.0,24.0,2,6,0,,,,,
91,1/30/2017 11:18:57,Male,178.0,79.0,172.0,13.25,8.0,5.0,30.0,24.0,4,9,0,,,,,12.0
92,1/30/2017 11:24:46,Male,190.0,87.0,194.0,0.75,3.0,2.0,17.0,17.0,2,2,2,,,,,8.0
93,1/30/2017 11:40:48,Male,185.0,86.0,188.0,10.25,7.0,5.0,,,2,5,1,,,,,15.0
94,1/30/2017 11:45:35,Male,176.0,70.0,180.0,0.25,3.0,2.0,22.0,20.0,2,6,0,,,,,19.0
95,1/30/2017 11:50:58,Male,185.0,68.0,188.0,4.25,8.0,5.0,25.0,25.0,3,3,0,,,,,10.0
96,1/30/2017 12:13:21,Male,183.0,84.0,190.5,1.25,8.0,6.0,25.0,20.0,6,5,10,22.68,,,,14.0
97,1/30/2017 12:25:06,Male,185.0,82.0,178.0,1.25,6.0,4.0,24.0,19.0,3,9,0,,,,,16.0
98,1/30/2017 12:43:54,Male,184.0,75.0,187.0,3.75,7.0,5.0,25.0,22.0,3,12,6,0.0,0.0,,,20.0
99,1/30/2017 12:47:11,Female,175.0,55.0,167.0,11.75,,,25.0,20.0,2,6,1,,,,,
100,1/30/2017 12:47:46,Male,188.0,83.5,,4.25,6.0,5.0,24.0,22.0,3,8,3,,,,,
101,1/30/2017 13:15:52,Male,187.96,73.5,193.0,2.75,8.0,5.0,,,3,6,3,22.5,,,,
102,1/30/2017 13:17:37,Male,172.0,67.0,178.0,4.25,9.0,7.0,28.0,26.0,4,10,10,,,,,
103,1/30/2017 13:31:00,Male,183.0,68.0,182.0,2.25,6.0,4.0,23.0,20.0,3,8,1,,,,,
104,1/30/2017 13:39:55,Female,157.5,48.5,157.0,2.75,7.0,5.0,27.0,23.0,4,8,4,,,,,7.0
105,1/30/2017 13:43:02,Male,180.0,73.4,183.0,7.25,10.0,6.0,,,3,2,5,,,,,25.0
106,1/30/2017 13:54:44,Male,177.0,59.0,177.0,0.75,6.0,4.0,22.0,18.0,3,7,0,,,,,15.0
107,1/30/2017 13:55:18,Male,178.0,58.0,,1.75,6.0,4.0,,,2,5,1,,,,,10.0
108,1/30/2017 14:10:08,Male,181.0,74.0,,0.25,5.0,3.0,,,3,6,0,,,,,
109,1/30/2017 14:11:25,Female,168.0,52.0,,7.75,6.0,4.0,24.0,22.0,3,7,6,,,,,17.0
110,1/30/2017 14:31:27,Male,180.0,71.0,180.0,3.75,5.0,4.0,26.0,25.0,4,11,2,11.0,23.0,,,
111,1/30/2017 14:36:32,Male,180.0,70.3,187.0,9.25,11.0,8.0,29.0,28.0,4,8,8,45.0,,,,18.0
112,1/30/2017 14:43:38,Male,182.0,72.5,182.0,3.25,4.0,2.0,20.0,16.0,2,5,0,,,,,10.0
113,1/30/2017 14:44:23,Male,178.0,85.0,186.0,5.75,8.0,4.0,26.0,21.0,1,3,3,,,,,20.0
114,1/30/2017 14:46:51,Male,183.0,93.0,183.0,0.75,6.0,4.0,,,3,4,1,,,12.0,12.0,18.0
115,1/30/2017 14:48:34,Male,172.0,67.0,174.0,5.75,6.0,4.0,26.0,20.0,2,5,0,,,,,
116,1/30/2017 14:53:03,Male,176.0,58.0,179.0,5.75,10.0,8.0,28.0,25.0,4,12,6,10.0,10.0,,,50.0
117,1/30/2017 14:56:03,Male,181.0,79.4,182.0,2.75,9.0,7.0,28.0,27.0,5,9,3,7.0,,,,30.0
118,1/30/2017 14:57:46,Male,183.0,71.2,183.0,10.25,7.0,6.0,25.0,24.0,3,7,1,27.0,,7.0,9.0,14.0
119,1/30/2017 15:02:47,Male,171.0,74.0,180.0,4.75,6.0,4.0,27.0,25.0,3,7,0,,,,,20.0
120,1/30/2017 15:08:42,Male,175.0,50.0,110.0,10.75,7.0,4.0,21.0,19.0,1,3,8,,,,,10.0
121,1/30/2017 15:13:46,Male,190.0,100.0,,0.25,1.0,0.0,,,2,4,0,,,,,10.0
122,1/30/2017 15:15:20,Male,178.0,78.0,185.0,3.25,7.0,4.0,23.0,20.0,4,6,8,,,,,15.0
123,1/30/2017 15:20:45,Male,173.0,61.2,166.0,4.25,9.0,7.0,29.0,27.0,5,14,6,,,,,
124,1/30/2017 15:49:21,Male,167.0,60.5,169.0,4.75,8.0,6.0,26.0,26.0,2,4,2,15.0,15.0,,,
125,1/30/2017 15:50:28,Male,175.0,86.0,,2.25,6.0,4.0,25.0,23.0,4,12,4,5.0,4.0,,5.0,15.0
126,1/30/2017 15:57:33,Male,185.0,72.0,183.0,13.25,11.0,8.0,30.0,29.0,3,2,6,25.0,20.0,,,
127,1/30/2017 16:07:26,Male,178.0,75.0,176.0,1.25,,,23.0,20.0,0,0,2,,,,,24.0
128,1/30/2017 16:18:39,Male,179.0,70.0,178.0,11.75,6.0,4.0,27.0,23.0,2,6,2,,,,,15.0
129,1/30/2017 16:25:32,Male,175.0,68.0,175.0,3.75,9.0,7.0,26.0,24.0,4,6,3,,,,,
130,1/30/2017 16:31:02,Male,170.0,70.0,,8.25,7.0,5.0,,,1,2,1,,,,,6.0
131,1/30/2017 16:35:57,Male,165.0,63.0,169.0,14.75,10.0,6.0,24.0,22.0,1,3,1,30.0,30.0,20.0,20.0,20.0
132,1/30/2017 16:46:51,Female,163.0,53.0,161.0,1.25,3.0,2.0,22.0,20.0,2,5,2,,,,,2.0
133,1/30/2017 16:57:22,Male,1.68,60.0,1.68,6.25,5.0,3.0,24.0,23.0,2,3,2,4.5,,,,
134,1/30/2017 17:16:10,Male,178.0,75.0,180.0,13.25,10.0,7.0,,,4,16,4,45.0,45.0,8.0,,25.0
135,1/30/2017 17:44:46,Male,177.4,66.0,177.9,15.0,10.0,7.0,30.0,27.0,4,2,6,16.0,16.0,,,
136,1/30/2017 17:51:24,Male,191.0,84.0,195.0,2.25,3.0,1.0,19.0,17.0,1,3,0,,,,,15.0
137,1/30/2017 18:11:58,Female,172.0,67.0,175.0,7.75,9.0,8.0,28.0,27.0,4,1,9,,,,,12.0
138,1/30/2017 18:25:14,Male,180.5,65.8,190.5,1.75,8.0,6.0,25.0,23.0,3,9,1,,,,,
139,1/30/2017 18:30:50,Male,172.0,59.0,172.0,2.75,7.0,4.0,,,4,12,0,,,,,15.0
140,1/30/2017 18:31:27,Female,153.0,45.5,155.0,0.25,3.0,2.0,17.0,17.0,2,4,0,,,,,5.0
141,1/30/2017 18:46:40,Male,163.0,62.0,173.0,4.25,10.0,8.0,26.0,24.0,4,14,6,40.0,50.0,,,15.0
142,1/30/2017 18:58:43,Male,171.0,64.0,172.0,1.25,8.0,4.0,,,3,8,0,,,,,19.0
143,1/30/2017 19:22:26,Male,178.0,65.0,179.0,3.25,6.0,4.0,,,2,7,1,,,,,
144,1/30/2017 19:23:51,Male,190.0,78.0,190.0,1.75,6.0,4.0,29.0,29.0,3,5,2,,,,,6.0
145,1/30/2017 19:29:35,Female,152.0,51.0,,1.25,5.0,3.0,22.0,19.0,3,7,4,,,,,8.0
146,1/30/2017 19:52:07,Female,1.68,44.0,174.0,1.75,2.0,1.0,20.0,16.0,1,0,2,,,,,2.0
147,1/30/2017 19:57:25,Male,194.0,84.0,196.0,7.25,8.0,7.0,29.0,27.0,3,4,3,,,,,
148,1/30/2017 20:03:39,Female,163.0,57.0,150.0,0.75,3.0,2.0,13.0,13.0,2,4,0,,,,,2.0
149,1/30/2017 20:49:08,Female,170.0,160.0,170.0,1.75,5.0,4.0,,,4,12,0,,,,,
150,1/30/2017 21:01:53,Male,188.0,73.0,199.0,0.25,6.0,5.0,,,4,1,6,6.0,3.0,,,74.0
151,1/30/2017 21:05:27,Male,178.0,73.0,178.0,15.0,9.0,6.0,28.0,26.0,2,4,4,30.0,,,,20.0
152,1/30/2017 21:12:28,Male,182.0,72.0,181.0,10.25,11.0,9.0,31.0,30.0,5,15,5,42.0,,,,
153,1/30/2017 21:16:26,Male,165.0,54.0,165.0,6.25,7.0,5.0,25.0,23.0,3,6,3,30.0,,8.0,,
154,1/30/2017 21:17:56,Male,187.0,86.0,,1.75,5.0,3.0,,,3,8,0,,,,,
155,1/30/2017 22:49:28,Female,154.0,50.0,159.0,0.25,1.0,0.0,,,2,4,2,,,,,
156,1/30/2017 22:53:32,Male,180.0,74.0,191.0,1.25,9.0,6.0,25.0,21.0,5,15,2,18.5,,,,16.0
157,1/30/2017 22:54:26,Male,182.0,68.0,182.0,2.75,5.0,4.0,25.0,21.0,2,6,8,,,,,14.0
158,1/30/2017 23:41:40,Male,186.0,76.0,180.0,6.75,8.0,7.0,25.0,23.0,2,5,0,,,,,15.0
159,1/30/2017 23:52:08,Female,163.0,48.0,150.0,0.75,3.0,2.0,18.0,16.0,1,3,0,,,,,0.0
160,1/31/2017 0:30:00,Male,180.0,70.0,183.0,4.75,9.0,6.0,,,2,6,0,0.0,0.0,0.0,0.0,14.0
161,1/31/2017 0:59:17,Male,172.0,58.0,178.0,1.75,12.0,8.0,,,5,12,5,,,,,25.0
162,1/31/2017 1:14:44,Male,180.3,65.7,180.3,2.25,5.0,3.0,,,4,8,4,5.0,15.0,,,
163,1/31/2017 1:15:19,Male,188.0,72.5,186.0,1.25,8.0,6.0,26.0,24.0,3,7,3,,,,,
164,1/31/2017 1:41:42,Male,168.0,59.0,165.0,1.75,5.0,3.0,,,3,6,3,,,,,15.0
165,1/31/2017 1:48:50,Male,160.0,52.0,163.0,1.25,5.0,3.0,,,2,5,2,20.0,20.0,12.0,12.0,17.0
166,1/31/2017 2:06:32,Male,192.0,78.0,193.0,1.25,4.0,3.0,20.0,18.0,3,10,0,,,,,8.0
167,1/31/2017 2:30:27,Male,172.0,95.0,199.0,0.25,4.0,3.0,,,2,5,0,,,,,8.0
168,1/31/2017 2:35:51,Male,190.0,93.0,195.0,3.75,7.0,5.0,,,4,5,0,,,,,15.0
169,1/31/2017 2:37:00,Male,175.0,77.0,185.0,1.75,9.0,6.0,27.0,25.0,3,9,3,,,,,20.0
170,1/31/2017 2:46:50,Male,172.0,75.0,177.0,0.25,4.0,2.0,17.0,17.0,3,2,5,,,,,8.0
171,1/31/2017 2:53:49,Male,182.0,77.0,186.0,1.75,7.0,6.0,21.0,20.0,3,6,3,,,,,15.0
172,1/31/2017 3:05:58,Male,190.5,86.18,191.0,0.75,7.0,6.0,,,6,9,5,,,,,
173,1/31/2017 3:13:00,Male,177.0,79.0,177.0,0.75,4.0,2.0,18.0,17.0,4,8,3,,,,,25.0
174,1/31/2017 3:58:50,Female,165.0,65.0,,1.25,2.0,1.0,21.0,18.0,1,2,0,,,,,2.0
175,1/31/2017 4:16:56,Male,180.0,65.0,183.0,1.75,7.0,4.0,24.0,22.0,3,10,0,,,,,
176,1/31/2017 4:25:22,Male,180.0,74.0,180.0,1.25,6.0,4.0,25.0,24.0,3,6,0,,,,,24.0
177,1/31/2017 4:43:27,Male,173.0,75.0,,0.75,6.0,4.0,,,2,4,1,,,,,8.0
178,1/31/2017 4:52:13,Male,175.0,62.6,170.0,7.75,10.0,7.0,29.0,28.0,4,12,4,38.5,40.8,,,25.0
179,1/31/2017 4:52:57,Male,190.0,76.0,190.0,1.25,5.0,4.0,23.0,20.0,2,4,0,,,,,14.0
180,1/31/2017 5:28:47,Male,170.0,68.0,167.0,1.25,4.0,3.0,23.0,19.0,4,10,14,,,,,
181,1/31/2017 5:31:16,Male,188.0,70.0,180.0,2.25,8.0,5.0,,,3,10,0,,,,,
182,1/31/2017 6:22:56,Male,190.0,80.0,196.0,3.25,7.0,5.0,,,3,8,1,,,,,
183,1/31/2017 6:31:52,Male,165.0,60.7,163.0,0.75,7.0,5.0,,,4,6,6,,,,,21.0
184,1/31/2017 6:33:24,Male,190.0,83.0,,1.75,4.0,3.0,23.0,21.0,3,7,1,,,,,6.0
185,1/31/2017 6:37:17,Male,192.0,78.0,190.0,0.75,4.0,2.0,19.0,17.0,0,0,0,,,,,
186,1/31/2017 6:59:35,Male,191.0,82.0,196.0,1.25,6.0,5.0,25.0,24.0,2,6,4,,,,,25.0
187,1/31/2017 7:08:13,Male,198.0,85.0,198.0,0.75,4.0,2.0,22.0,18.0,2,4,0,,,,,
188,1/31/2017 7:31:53,Male,181.0,74.0,182.0,0.25,5.0,2.0,20.0,17.0,2,5,1,,,190.0,190.0,22.0
189,1/31/2017 8:08:07,Female,168.0,55.5,167.5,0.25,2.0,2.0,22.0,18.0,4,6,0,,,,,3.0
190,1/31/2017 8:40:55,Male,180.0,74.8,185.0,4.75,8.0,5.0,12.0,11.0,5,10,4,,47.6,,,
191,1/31/2017 8:42:50,Female,180.0,76.0,185.0,15.0,9.0,7.0,27.0,26.0,4,4,6,,,,,13.0
192,1/31/2017 9:09:26,Male,177.0,68.0,179.0,3.25,6.0,4.0,24.0,19.0,3,5,6,18.0,,,,25.0
193,1/31/2017 9:34:38,Female,,57.0,174.0,13.75,9.0,5.0,26.0,24.0,4,10,4,18.0,,,,12.0
194,1/31/2017 10:30:35,Male,173.0,63.0,,3.25,7.0,4.0,,,3,6,4,,,,,50.0
195,1/31/2017 10:42:55,Male,173.0,127.0,168.0,1.25,7.0,5.0,26.0,24.0,3,6,0,,,,,15.0
196,1/31/2017 13:20:43,Male,173.0,73.5,173.0,0.75,4.0,2.0,,,3,5,1,,,,,8.0
197,1/31/2017 14:28:36,Male,180.0,79.0,,0.75,6.0,4.0,25.0,21.0,3,5,8,,9.0,,,20.0
198,1/31/2017 15:37:43,Male,171.0,59.0,177.0,2.75,10.0,7.0,27.0,26.0,5,15,3,,,,,
199,1/31/2017 17:08:15,Male,183.0,71.0,74.0,11.75,13.0,11.0,31.0,29.0,3,3,9,,,,,
200,1/31/2017 17:10:23,Male,175.0,68.0,182.0,0.75,6.0,4.0,24.0,20.0,4,12,0,,,,,19.0
201,1/31/2017 19:39:36,Male,175.0,72.0,182.0,6.75,12.0,8.0,27.0,,3,9,1,40.0,70.0,,,
202,1/31/2017 19:45:25,Male,178.0,85.0,195.0,2.75,,4.0,21.0,20.0,2,5,7,,,,,15.0
203,1/31/2017 20:04:21,Male,178.0,71.0,180.0,9.75,8.0,5.0,17.0,24.0,4,4,9,30.0,,,,
204,1/31/2017 20:11:44,Male,170.0,66.0,181.0,0.25,8.0,5.0,26.0,20.0,4,7,5,,,,,15.0
205,1/31/2017 20:51:45,Male,182.0,73.0,,0.75,4.0,3.0,25.0,21.0,3,5,1,,,,,
206,1/31/2017 22:00:49,Male,181.0,73.0,170.0,1.25,6.0,4.0,,,4,9,0,,,,,
207,1/31/2017 22:11:03,Male,189.0,79.0,185.0,9.75,,,29.0,28.0,4,6,5,,,,,
208,1/31/2017 22:54:11,Male,186.0,72.0,182.0,15.0,6.0,4.0,25.0,21.0,1,2,0,,,,,14.0
209,1/31/2017 23:42:02,Male,177.0,63.0,188.0,3.75,10.0,6.0,29.0,,6,14,4,,,,,31.0
210,2/1/2017 0:20:13,Male,,,,9.25,10.0,7.0,25.0,,5,9,0,,,,,
211,2/1/2017 0:56:30,Male,182.8,78.7,180.0,0.75,4.0,3.0,,,3,6,1,,,,,20.0
212,2/1/2017 1:01:19,Male,175.0,,175.0,6.75,6.0,5.0,,,4,6,2,,,,,
213,2/1/2017 1:32:32,Male,171.0,59.0,60.0,2.75,6.0,5.0,,,2,10,1,5.0,5.0,,5.0,20.0
214,2/1/2017 2:03:24,Male,184.0,75.0,189.0,15.0,,,26.0,23.0,3,5,1,15.0,12.0,,,12.0
215,2/1/2017 2:10:14,Male,170.0,75.0,170.0,11.25,9.0,7.0,28.0,26.0,4,7,6,,,,,
216,2/1/2017 2:45:50,Male,196.0,83.0,197.0,4.25,7.0,2.0,21.0,18.0,2,4,0,,,,,15.0
217,2/1/2017 4:16:38,Male,180.0,70.0,175.0,1.75,4.0,3.0,27.0,22.0,2,5,0,,,,,5.0
218,2/1/2017 4:52:01,Male,178.0,72.5,182.0,3.25,7.0,4.0,24.0,21.0,3,6,0,,,,,35.0
219,2/1/2017 4:56:38,Female,159.38,51.7095,170.7,1.25,6.0,4.0,22.0,18.0,3,4,2,,,,,5.0
220,2/1/2017 5:25:30,Male,179.0,87.0,186.0,8.25,2.0,2.0,,,3,6,3,,,,,10.0
221,2/1/2017 5:39:13,Male,166.0,53.0,160.0,2.75,6.0,3.0,,,3,5,3,,,,,10.0
222,2/1/2017 6:50:16,Male,182.0,65.0,190.0,11.25,10.0,6.0,25.0,24.0,1,4,0,0.0,0.0,0.0,0.0,20.0
223,2/1/2017 8:53:36,Male,182.88,72.5748,,4.25,6.0,4.0,25.0,23.0,3,6,3,,,,,12.0
224,2/1/2017 9:30:19,Male,168.0,65.0,190.0,3.75,6.0,5.0,22.0,20.0,3,14,2,,,,,15.0
225,2/1/2017 11:24:07,Male,176.0,81.0,178.0,15.0,12.0,9.0,31.0,29.0,3,4,3,50.0,,,,15.0
226,2/1/2017 11:47:15,Female,165.0,53.5,172.0,8.25,6.0,4.0,25.0,22.0,2,5,5,12.5,10.0,,,12.0
227,2/1/2017 12:23:35,Male,170.0,59.0,152.0,1.25,6.0,4.0,,,3,4,0,,,,,20.0
228,2/1/2017 13:17:01,Male,191.0,89.0,201.0,1.25,6.0,5.0,23.0,21.0,3,10,6,,,,,13.0
229,2/1/2017 15:22:19,Male,188.0,75.0,193.0,15.0,8.0,6.0,28.0,25.0,4,4,4,18.0,18.0,,,16.0
230,2/1/2017 15:22:22,Female,178.0,66.0,178.0,0.75,5.0,3.0,24.0,20.0,6,20,10,,,,,4.0
231,2/1/2017 16:53:25,Male,185.0,72.5,185.0,3.25,5.0,3.0,23.0,19.0,3,6,2,16.0,13.0,,,15.0
232,2/1/2017 18:27:24,Male,179.0,69.0,175.0,11.25,8.0,6.0,30.0,29.0,2,5,2,,,,,
233,2/1/2017 18:36:23,Male,183.0,69.0,176.0,15.0,6.0,3.0,30.0,28.0,2,10,3,17.0,,,,15.0
234,2/1/2017 22:20:52,Male,184.0,68.0,179.0,15.0,10.0,7.0,31.0,28.0,3,6,6,,,,,20.0
235,2/2/2017 0:09:48,Male,180.0,79.0,183.0,5.75,9.0,6.0,,,3,9,2,,,,,20.0
236,2/2/2017 3:50:22,Male,183.0,70.0,182.0,7.25,9.0,7.0,27.0,23.0,3,9,3,54.0,,7.0,,
237,2/2/2017 4:57:51,Male,182.0,77.0,180.0,11.25,13.0,9.0,29.0,24.0,3,7,3,,,,,
238,2/2/2017 5:46:51,Male,178.0,65.0,178.0,3.25,7.0,5.0,25.0,21.0,3,9,1,,20.0,,,12.0
239,2/2/2017 6:59:55,Male,179.0,68.0,179.0,4.75,,,28.0,25.0,4,14,0,,,,,7.0
240,2/2/2017 9:27:39,Male,177.0,73.0,183.0,14.25,12.0,10.0,30.0,28.0,4,12,4,30.0,40.0,6.0,6.0,20.0
241,2/2/2017 17:00:49,Female,1.67,,166.0,7.75,6.0,4.0,25.0,,5,17,5,,,,,
242,2/2/2017 17:33:41,Male,183.0,73.0,192.0,4.25,5.0,4.0,27.0,22.0,1,4,3,,,,,20.0
243,2/2/2017 17:48:17,Male,178.0,66.0,176.0,15.0,6.0,5.0,26.0,23.0,3,6,7,,,,,10.0
244,2/2/2017 18:18:54,Male,173.0,67.0,173.0,4.25,6.0,5.0,25.0,24.0,3,6,4,0.0,0.0,0.0,0.0,15.0
245,2/2/2017 18:50:02,Male,176.0,70.0,203.0,15.0,9.0,4.0,29.0,22.0,3,9,4,20.0,10.0,,,15.0
246,2/2/2017 19:28:29,Male,176.0,68.0,179.0,9.75,6.0,5.0,26.0,24.0,2,5,5,,,,,
247,2/2/2017 21:57:24,Male,180.0,63.0,184.0,3.75,10.0,6.0,,,0,0,0,,,,,8.0
248,2/2/2017 22:10:29,Female,159.0,,,7.25,6.0,2.0,24.0,18.0,3,8,4,,,,,
249,2/2/2017 23:10:16,Male,177.0,58.5,179.0,10.25,10.0,7.0,28.0,26.0,5,6,5,28.0,28.0,,,28.0
250,2/3/2017 3:26:55,Male,188.0,77.0,188.0,9.75,7.0,6.0,26.0,25.0,3,9,1,30.0,,18.0,,14.0
251,2/3/2017 4:53:29,Male,175.0,62.0,174.0,9.25,11.0,7.0,30.0,26.0,3,8,2,,,,,
252,2/3/2017 5:47:13,Male,,,,15.0,7.0,6.0,32.0,29.0,3,12,4,,,,,20.0
253,2/3/2017 7:57:27,Male,193.0,88.0,198.0,15.0,5.0,3.0,23.0,20.0,3,8,2,,,14.0,,11.0
254,2/3/2017 12:56:06,Male,188.0,84.0,196.0,3.25,8.0,5.0,24.0,23.0,4,6,7,30.0,,10.0,,
255,2/3/2017 14:10:15,Male,184.0,76.0,186.0,2.25,6.0,3.0,23.0,19.0,3,8,0,,,,,15.0
256,2/3/2017 15:04:30,Female,170.0,55.0,170.0,0.75,4.0,2.0,20.0,18.0,3,4,1,,,,,8.0
257,2/3/2017 19:02:23,Male,175.0,68.0,175.0,15.0,5.0,1.0,23.0,21.0,1,4,0,,,,,20.0
258,2/4/2017 6:51:56,Male,167.0,61.0,169.0,2.25,9.0,7.0,26.0,23.0,2,10,0,,,,,
259,2/4/2017 8:03:04,Male,178.0,61.0,179.0,6.25,10.0,7.0,29.0,26.0,3,8,1,,,,,24.0
260,2/4/2017 15:30:14,Male,174.0,64.5,184.0,0.75,3.0,2.0,,,2,4,0,,,,,
261,2/4/2017 18:02:34,Female,162.5,53.0,170.0,12.25,10.0,7.0,,,3,12,6,20.0,,,,5.0
262,2/4/2017 20:20:18,Male,179.0,74.0,179.0,2.75,6.0,4.0,,,1,5,4,,,8.0,9.0,15.0
263,2/5/2017 7:06:09,Male,177.0,79.0,177.0,1.25,3.0,2.0,,,1,1,0,,,,,10.0
264,2/5/2017 9:45:05,Male,172.7,71.67,177.8,2.25,4.0,3.0,,,3,7,7,,,,,
265,2/5/2017 18:07:51,Male,189.0,74.0,192.0,8.25,12.0,9.0,32.0,30.0,5,13,2,35.0,,,,25.0
266,2/6/2017 8:03:32,Female,159.0,53.0,158.0,10.75,7.0,4.0,24.0,22.0,2,6,6,,27.0,,,12.0
267,2/6/2017 8:56:41,Male,181.0,71.0,183.0,7.75,9.0,5.0,29.0,24.0,5,8,3,,,,,22.0
268,2/6/2017 10:08:53,Male,175.0,57.0,180.0,2.75,7.0,4.0,23.0,19.0,3,4,5,,13.0,,,13.0
269,2/7/2017 22:35:46,Male,174.0,57.0,180.0,6.25,12.0,8.0,,,4,5,12,40.0,35.0,8.0,8.0,35.0
270,2/8/2017 16:03:25,Male,183.0,76.0,190.0,6.75,3.0,2.0,25.0,21.0,3,12,6,,,,,30.0
271,2/9/2017 11:52:18,Male,180.0,70.0,180.0,4.75,6.0,4.0,15.0,15.0,3,6,3,,,,14.0,
272,2/10/2017 1:16:02,Male,180.0,68.0,181.0,3.25,10.0,7.0,,,3,5,1,64.0,64.0,,,15.0
273,2/10/2017 5:59:52,Male,173.0,77.0,180.0,10.25,7.0,5.0,27.0,24.0,4,6,3,32.0,,8.0,,16.0
274,2/10/2017 10:07:34,Male,187.0,78.0,183.0,0.25,4.0,3.0,20.0,19.0,2,6,0,,,,,
275,2/10/2017 16:28:51,Male,184.0,76.0,192.0,0.75,7.0,4.0,25.0,23.0,3,9,5,,,,,23.0
276,2/10/2017 17:56:05,Male,178.0,70.0,178.0,2.75,4.0,4.0,26.0,25.0,3,4,2,23.0,,10.0,,
277,2/11/2017 13:33:36,Male,189.0,80.0,188.0,3.25,7.0,5.0,,,4,10,4,38.0,38.0,,,20.0
278,2/16/2017 10:22:32,Female,162.0,56.0,162.0,8.75,10.0,7.0,,,4,4,15,,,,,
279,2/18/2017 3:49:18,Male,177.8,65.7,177.8,1.25,6.0,4.0,25.0,23.0,3,10,0,,,,,10.0
280,2/18/2017 4:17:34,Female,188.0,92.0,193.0,3.75,5.0,3.0,,,4,8,3,,,,,15.0
281,2/18/2017 4:35:47,Male,180.0,158.0,185.0,1.25,4.0,3.0,25.0,22.0,4,10,6,,,,,15.0
282,2/18/2017 4:52:55,Female,167.5,58.0,167.0,0.75,4.0,2.0,24.0,20.0,4,7,1,,,,,3.0
283,2/18/2017 4:58:21,Male,170.0,61.2,170.0,4.75,10.0,8.0,26.0,20.0,1,3,3,0.0,0.0,0.0,0.0,15.0
284,2/18/2017 6:19:10,Male,190.5,68.7,193.4,8.25,11.0,7.0,29.0,17.0,3,12,4,,,,,100.0
285,2/18/2017 6:22:46,Male,178.0,59.0,178.0,4.75,8.0,5.0,,,2,4,0,,,,,
286,2/18/2017 6:24:59,Male,183.0,77.0,183.0,1.25,4.0,2.0,23.0,18.0,4,8,0,,,,,
287,2/18/2017 6:45:31,Male,179.0,70.3,182.0,1.25,3.0,2.0,20.0,18.0,3,7,1,,,,,8.0
288,2/18/2017 6:51:58,Male,180.0,67.0,180.0,0.75,4.0,4.0,,,2,5,3,,,,,
289,2/18/2017 6:55:55,Female,162.0,53.0,164.0,0.25,2.0,1.0,15.0,14.0,4,8,0,,,,,8.0
290,2/18/2017 7:02:39,Female,170.0,54.0,169.0,1.25,3.0,2.0,23.0,20.0,3,4,2,,,,,10.0
291,2/18/2017 7:11:36,Male,168.0,68.0,170.0,2.25,3.0,1.0,22.0,17.0,5,8,6,,,,,
292,2/18/2017 7:22:09,Male,187.96,74.8,198.12,4.75,9.0,8.0,28.0,27.0,5,10,5,,20.4,,,
293,2/18/2017 7:59:15,Male,188.0,75.0,192.0,5.75,10.0,7.0,31.0,27.0,4,15,4,,,,,
294,2/18/2017 8:02:42,Male,177.0,66.0,183.0,4.75,,,27.0,22.0,3,9,0,,,,,18.0
295,2/18/2017 8:36:19,Male,168.0,63.0,171.0,2.75,7.0,5.0,24.0,20.0,3,7,2,,,,,17.0
296,2/18/2017 9:45:18,Male,193.0,81.6466,,0.75,4.0,2.0,21.0,20.0,3,4,2,,,,,5.0
297,2/18/2017 10:11:55,Male,172.0,72.0,160.0,2.75,5.0,4.0,23.0,20.0,2,4,2,9.5,6.8,,,
298,2/18/2017 11:05:14,Male,181.0,72.0,184.0,3.25,9.0,7.0,29.0,27.0,2,6,9,,,,,25.0
299,2/18/2017 11:05:54,Female,170.0,58.0,180.0,14.25,9.0,6.0,26.0,25.0,4,12,1,,,,,
300,2/18/2017 11:16:55,Male,172.0,70.0,180.0,1.75,5.0,3.0,25.0,23.0,1,2,0,,,,,20.0
301,2/18/2017 11:33:29,Male,186.0,74.0,190.0,3.25,9.0,7.0,,,4,10,2,,,,,15.0
302,2/18/2017 13:43:23,Male,183.0,80.0,175.0,0.75,4.0,2.0,22.0,16.0,1,3,6,,,,,15.0
303,2/18/2017 13:50:44,Male,182.0,79.0,185.0,3.75,6.0,5.0,24.0,22.0,2,4,2,,,,,10.0
304,2/18/2017 15:27:33,Male,178.0,55.0,180.0,0.75,5.0,2.0,,,1,2,0,,,,,15.0
305,2/18/2017 15:28:11,Male,177.8,132.0,177.8,6.25,7.0,5.0,,,3,6,0,,,,,15.0
306,2/18/2017 15:43:27,Male,175.0,61.0,177.0,1.25,8.0,5.0,24.0,21.0,4,10,12,,,,,15.0
307,2/18/2017 18:13:49,Male,177.0,81.5,176.0,1.25,6.0,4.0,22.0,20.0,3,12,2,,,,,6.0
308,2/18/2017 20:35:08,Female,155.0,47.0,157.0,1.75,4.0,3.0,,,1,8,3,,,,,12.0
309,2/18/2017 22:06:06,Male,187.0,85.0,190.0,0.75,4.0,3.0,29.0,24.0,2,4,5,,,,,15.0
310,2/19/2017 2:46:57,Male,183.0,70.0,190.0,2.75,8.0,6.0,24.0,23.0,3,8,4,30.0,30.0,12.0,12.0,18.0
311,2/19/2017 8:53:15,Male,178.0,63.0,185.0,13.25,11.0,8.0,30.0,29.0,3,6,3,45.0,45.0,,,24.0
312,2/19/2017 8:54:28,Female,156.0,42.0,130.0,1.75,0.0,0.0,18.0,17.0,2,4,1,,,,,
313,2/19/2017 14:51:36,Male,165.0,63.0,175.0,4.25,10.0,8.0,25.0,,4,15,6,43.0,,,,
314,2/19/2017 18:50:46,Male,177.0,70.0,177.0,0.25,2.0,1.0,20.0,17.0,1,3,3,,,,,8.0
315,2/21/2017 2:33:06,Male,178.0,79.8,178.0,3.25,6.0,4.0,21.0,19.0,3,5,1,,,,,
316,2/21/2017 12:08:26,Male,177.8,59.87419284,,1.25,9.0,5.0,27.0,24.0,5,10,0,,,,,
317,2/22/2017 3:17:11,Male,194.0,86.0,,0.75,6.0,3.0,22.0,20.0,3,2,6,,,,,25.0
318,2/22/2017 5:02:26,Male,172.0,61.0,174.0,3.75,10.0,7.0,,,4,10,10,16.0,24.0,8.0,8.0,22.0
319,2/22/2017 18:28:58,Male,178.0,73.4,190.0,1.25,6.0,4.0,,,3,6,3,,,,,15.0
320,2/24/2017 6:16:27,Male,175.0,68.0,175.0,7.25,6.0,4.0,25.0,23.0,2,5,2,32.0,30.0,6.0,8.0,15.0
321,2/25/2017 4:18:12,Male,190.5,78.0,190.5,3.25,7.0,5.0,25.0,24.0,4,8,6,,,,,15.0
322,2/25/2017 9:25:43,Male,187.96,77.1,195.58,2.75,9.0,5.0,28.0,22.0,3,2,2,20.14,20.14,,,25.0
323,3/10/2017 17:59:30,Male,184.0,75.0,78.0,4.25,6.0,4.0,22.0,21.0,2,6,2,10.0,15.0,,,15.0
324,3/11/2017 0:42:32,Male,178.0,79.0,181.0,0.75,6.0,4.0,25.0,23.0,3,5,4,,20.0,,,17.0
325,3/18/2017 20:41:51,Female,170.0,51.0,168.0,5.25,7.0,4.0,28.0,21.0,2,4,5,,,,,15.0
326,3/21/2017 9:24:53,Male,182.0,83.6,180.0,1.25,6.0,3.0,,,3,5,4,,,,,6.0
327,4/19/2017 19:35:12,Male,165.0,68.0,178.0,15.0,13.0,10.0,33.0,32.0,3,5,4,,,,,10.0
328,4/19/2017 22:37:25,Male,177.0,71.0,177.0,0.75,5.0,4.0,,,3,3,3,,,,,15.0
329,4/19/2017 23:08:28,Male,183.0,80.0,183.0,2.25,7.0,4.0,26.0,22.0,2,3,1,,,,,15.0
330,4/19/2017 23:11:36,Male,183.0,70.0,187.0,0.75,7.0,5.0,25.0,22.0,3,8,1,,,,,18.0
331,4/19/2017 23:20:10,Female,178.0,61.0,170.0,1.25,3.0,2.0,19.0,17.0,3,9,1,,,,,3.0
332,4/19/2017 23:30:10,Male,180.0,74.8,180.0,7.75,10.0,9.0,31.0,28.0,4,14,6,,38.5,,,15.0
333,4/19/2017 23:57:00,Male,175.0,72.0,182.0,0.25,,,26.0,25.0,3,8,1,,,,,18.0
334,4/20/2017 0:00:02,Male,168.0,59.0,168.0,0.25,7.0,6.0,22.0,20.0,2,3,4,9.0,9.0,18.0,18.0,12.0
335,4/20/2017 0:10:19,Female,162.0,153.0,162.0,1.25,4.0,2.0,22.0,18.0,4,10,1,,,,,
336,4/20/2017 0:31:30,Male,172.0,72.0,172.0,3.75,7.0,5.0,,,4,4,10,,,,,20.0
337,4/20/2017 1:12:01,Male,178.0,77.0,178.0,4.75,7.0,4.0,27.0,22.0,3,8,2,,,,,15.0
338,4/20/2017 1:47:22,Male,178.0,81.0,191.0,4.25,6.0,3.0,21.0,19.0,2,4,0,,,,,10.0
339,4/20/2017 2:51:13,Female,152.0,54.0,152.0,1.75,2.0,1.0,,,1,2,0,,,,,
340,4/20/2017 2:51:37,Female,160.0,54.4,160.0,0.75,4.0,3.0,23.0,21.0,2,4,2,,,,,4.0
341,4/20/2017 3:49:48,Male,196.0,93.0,204.0,0.25,6.0,3.0,24.0,15.0,3,6,0,,,,,2.0
342,4/20/2017 4:00:10,Female,160.0,56.0,160.0,2.25,4.0,2.0,20.0,17.0,2,4,1,,,,,5.0
343,4/20/2017 4:12:13,Male,187.96,77.5643,192.0,6.75,7.0,4.0,29.0,24.0,2,8,5,9.0,5.0,10.0,18.0,18.0
344,4/20/2017 4:19:57,Male,185.0,66.0,188.0,6.25,10.0,6.0,27.0,24.0,4,14,3,,,,,30.0
345,4/20/2017 5:08:48,Male,184.0,59.0,190.0,4.25,4.0,3.0,19.0,17.0,1,2,0,,,,,4.0
346,4/20/2017 5:19:40,Male,189.0,70.0,191.0,2.25,7.0,5.0,25.0,23.0,5,9,1,,,,,
347,4/20/2017 6:28:06,Male,178.0,81.6,178.0,0.75,5.0,3.0,,,2,3,0,,,,,18.0
348,4/20/2017 6:30:38,Male,175.0,58.0,178.0,1.75,8.0,5.0,26.0,24.0,4,9,4,20.0,20.0,12.0,12.0,
349,4/20/2017 7:09:49,Male,178.0,66.0,180.0,6.25,8.0,6.0,24.0,20.0,3,10,6,,,,,20.0
350,4/20/2017 7:27:26,Male,169.0,79.0,162.0,0.75,4.0,3.0,18.0,16.0,3,7,2,,,,,28.0
351,4/20/2017 11:00:30,Male,185.0,70.3,196.0,2.25,7.0,5.0,22.0,22.0,3,10,6,0.0,0.0,0.0,0.0,20.0
352,4/20/2017 11:41:23,Female,165.0,61.0,160.6,1.25,4.0,2.0,19.0,17.0,3,7,0,,,,,4.0
353,4/20/2017 11:57:44,Male,179.0,73.0,181.0,0.25,4.0,3.0,21.0,17.0,2,6,0,,,,,18.0
354,4/20/2017 12:10:52,Male,180.0,72.5,160.0,1.75,8.0,6.0,25.0,22.0,5,8,4,,,,,25.0
355,4/20/2017 12:45:18,Male,178.0,68.0,180.0,2.25,9.0,5.0,23.0,21.0,2,6,5,,20.0,8.0,10.0,25.0
356,4/20/2017 13:07:22,Female,158.0,54.0,148.0,2.75,,,19.0,17.0,2,6,0,,,,,
357,4/20/2017 14:06:19,Male,183.0,81.0,185.0,6.75,10.0,7.0,29.0,27.0,3,6,0,,,,,
358,4/20/2017 14:07:46,Male,183.0,86.0,188.0,3.75,7.0,5.0,21.0,18.0,3,6,2,86.0,95.0,,,13.0
359,4/20/2017 14:42:18,Male,170.0,85.0,168.0,1.25,2.0,1.0,23.0,19.0,2,8,2,,,,,8.0
360,4/20/2017 22:04:17,Male,185.0,78.0,175.0,0.75,7.0,4.0,24.0,21.0,2,5,0,,,,,12.0
361,4/20/2017 22:04:17,Male,185.0,78.0,175.0,0.75,7.0,4.0,24.0,21.0,2,5,0,,,,,12.0
362,4/20/2017 23:49:06,Male,180.0,81.65,,2.25,7.0,4.0,25.0,21.0,3,10,2,50.0,,,,8.0
363,4/21/2017 1:13:29,Male,178.0,74.5,177.0,10.75,7.0,5.0,25.0,20.0,3,5,2,5.0,22.0,,,
364,4/21/2017 1:47:23,Male,178.0,82.0,180.0,1.25,5.0,3.0,19.0,17.0,2,6,0,,,,,
365,4/21/2017 2:26:00,Male,176.0,76.0,170.0,1.25,6.0,5.0,22.0,22.0,3,6,0,,,,,
366,4/21/2017 7:17:11,Male,183.0,79.0,181.0,3.75,9.0,5.0,27.0,25.0,5,24,8,36.0,36.0,,,19.0
367,4/21/2017 8:35:20,Male,167.0,74.0,167.0,1.25,6.0,4.0,,,2,5,0,,,,,
368,4/21/2017 10:14:21,Male,182.9,80.0,180.0,3.75,8.0,6.0,27.0,24.0,3,5,4,,,,,20.0
369,4/22/2017 4:41:10,Male,183.0,80.0,76.0,10.75,9.0,6.0,,,2,3,3,,,,,35.0
370,4/22/2017 13:16:54,Male,180.0,92.0,190.0,1.25,5.0,3.0,19.0,17.0,2,4,0,,,,,8.0
371,4/23/2017 18:56:39,Female,165.0,53.5,,1.75,6.0,5.0,25.0,24.0,4,5,3,,,,,15.0
372,4/24/2017 13:56:05,Male,180.0,70.0,183.0,6.25,9.0,7.0,31.0,30.0,5,8,3,35.0,32.0,,,25.0
373,4/24/2017 19:34:13,Male,192.0,89.0,208.0,1.75,6.0,4.0,23.0,21.0,3,10,4,,,,,
374,4/25/2017 3:28:23,Male,177.5,72.5,179.0,0.75,5.0,3.0,19.0,17.0,3,4,3,0.0,0.0,,,20.0
375,4/25/2017 13:08:12,Female,169.0,57.0,170.0,0.75,3.0,1.0,17.0,17.0,2,4,0,,,,,4.0
376,4/26/2017 5:41:31,Male,171.0,68.0,175.0,1.25,8.0,5.0,,,3,6,0,,,,,
377,4/26/2017 7:32:34,Male,180.0,74.8,184.0,12.25,7.0,5.0,29.0,26.0,3,8,4,43.0,,,,
378,4/26/2017 11:50:50,Male,174.0,68.0,175.0,2.25,8.0,6.0,24.0,21.0,4,5,3,,,,,
379,4/29/2017 18:13:57,Male,194.0,80.0,196.0,0.25,3.0,2.0,16.0,15.0,4,7,1,0.0,0.0,25.0,25.0,12.0
380,4/30/2017 6:40:42,Male,183.0,98.0,183.0,5.25,4.0,3.0,24.0,20.0,3,10,2,,,,,9.0
381,5/1/2017 15:03:19,Male,160.0,64.41,159.6,5.25,7.0,5.0,,,2,7,3,,,,,30.0
382,5/2/2017 3:52:12,Male,179.0,68.0,179.0,7.25,6.0,4.0,26.0,18.0,3,6,1,,,,,12.0
383,5/4/2017 5:58:23,Male,186.0,78.0,190.0,8.75,8.0,5.0,27.0,22.0,2,4,2,,,,,12.0
384,5/8/2017 2:59:05,Male,171.0,65.0,168.0,0.75,3.0,2.0,18.0,17.0,3,6,1,,,,,20.0
385,5/26/2017 5:09:10,Male,172.0,61.0,180.0,0.75,8.0,6.0,25.0,20.0,4,6,8,36.0,40.0,,,35.0
386,6/16/2017 7:44:26,Male,183.0,79.0,191.0,5.25,9.0,7.0,,,4,8,3,45.0,45.0,6.0,6.0,20.0
387,6/19/2017 18:56:05,Male,162.0,56.0,162.0,0.75,5.0,3.0,20.0,18.0,3,7,1,,,,,12.0
388,6/22/2017 20:37:41,Male,182.0,83.0,196.0,8.75,14.0,10.0,,,4,8,12,120.0,80.0,4.0,5.0,80.0
389,7/6/2017 23:37:43,Female,178.0,64.0,179.0,0.75,6.0,4.0,,,3,6,0,,,,,9.0
390,7/21/2017 22:45:48,Male,177.0,64.0,192.0,4.25,10.0,7.0,30.0,26.0,5,20,4,67.0,65.0,,,30.0
391,9/1/2017 23:27:25,Male,1295.0,69.0,1295.0,10.25,9.0,6.0,28.0,25.0,3,2,4,27.0,30.0,18.0,12.0,
392,9/3/2017 11:15:09,Male,175.0,,173.0,0.75,5.0,3.0,,,3,6,0,,,,,10.0
393,11/30/2017 13:24:07,Female,162.5,61.0,168.0,3.25,9.0,8.0,12.0,12.0,4,7,8,30.0,20.0,,,12.0
394,1/16/2018 6:28:46,Female,163.0,,166.0,0.25,6.0,4.0,24.0,21.0,5,12,2,,,,,
395,1/18/2018 10:00:41,Male,177.0,74.0,183.0,7.25,10.0,7.0,29.0,27.0,3,2,12,39.0,39.0,17.0,17.0,25.0
396,2/15/2018 9:22:16,Male,185.0,74.0,180.0,1.75,6.0,4.0,25.0,24.0,2,4,4,,,,,
397,3/11/2018 21:18:39,Male,180.0,78.0,181.0,14.25,10.0,7.0,28.0,28.0,4,10,12,52.5,50.0,8.0,8.0,30.0
398,4/18/2018 14:52:25,Male,177.5,72.0,180.0,10.25,6.0,4.0,26.0,24.0,3,3,3,,,,,
399,4/23/2018 9:38:43,Male,178.0,72.0,176.0,0.25,4.0,3.0,,,3,7,0,,,,,
400,6/29/2018 9:56:41,Male,172.0,57.0,172.0,0.75,6.0,4.0,25.0,23.0,3,6,1,,,,,
401,6/29/2018 22:25:30,Male,180.0,82.0,180.0,2.75,6.0,4.0,24.0,22.0,1,2,0,,,,,10.0
402,7/28/2018 5:04:16,Male,185.0,88.45,0.0,10.25,9.0,6.0,12.0,11.0,3,5,2,27.21,29.0,8.0,7.0,20.0
403,8/28/2018 19:31:05,Male,174.0,75.0,178.0,2.25,5.0,4.0,24.0,20.0,3,3,4,,,14.0,14.0,12.0
404,8/30/2018 0:44:17,Male,183.0,85.0,187.0,2.25,5.0,3.0,22.0,18.0,3,9,2,1.0,10.0,,,
405,8/30/2018 4:40:02,Male,176.0,68.0,176.0,1.75,8.0,6.0,,,2,4,2,,,,,
406,9/3/2018 17:34:47,Male,180.0,64.0,180.0,3.75,,,29.0,22.0,4,6,3,46.0,46.0,,,
407,9/5/2018 9:43:19,Male,171.0,59.0,171.0,1.25,7.0,5.0,28.0,24.0,3,10,2,,,,,
408,11/2/2018 10:40:48,Male,180.0,70.0,183.0,7.75,11.0,9.0,32.0,30.0,4,11,5,57.0,55.0,,,28.0
409,11/9/2018 11:12:44,Male,179.0,72.0,182.0,2.25,6.0,4.0,23.0,21.0,5,6,5,,,,,
410,11/9/2018 21:06:15,Male,172.0,88.0,174.0,10.25,8.0,5.0,,,3,4,2,45.0,,,,12.0
411,11/14/2018 13:41:20,Male,180.0,70.0,180.0,8.25,9.0,6.0,28.0,25.0,4,3,2,58.0,41.0,,,
412,11/23/2018 0:30:51,Male,173.0,64.0,186.0,10.25,12.0,10.0,,,7,14,8,60.0,,,,37.0
413,12/3/2018 20:19:27,Male,178.0,68.0,180.0,9.75,,,31.0,29.0,4,7,10,36.0,,8.0,,
414,12/3/2018 23:43:07,Male,162.0,53.0,161.0,1.75,5.0,3.0,22.0,,2,2,2,,,,,20.0
415,12/4/2018 0:23:45,Male,173.0,63.0,185.0,7.25,13.0,9.0,,,4,3,4,,,,,25.0
416,12/4/2018 1:19:02,Male,185.0,100.0,187.0,1.75,5.0,2.0,18.0,16.0,2,3,0,,,,,20.0
417,12/4/2018 1:49:36,Male,185.0,65.0,183.0,2.25,7.0,5.0,27.0,25.0,2,7,1,,,,,6.0
418,12/4/2018 2:35:38,Male,191.0,113.0,180.0,0.25,3.0,0.0,18.0,15.0,2,4,6,,,,,0.0
419,12/4/2018 3:10:21,Male,172.0,75.0,170.0,0.75,4.0,3.0,18.0,18.0,3,8,2,,,,,20.0
420,12/4/2018 4:30:09,Male,170.0,68.0,190.0,1.75,5.0,3.0,11.0,11.0,1,2,0,,,,,15.0
421,12/4/2018 7:09:59,Male,175.26,70.3,174.0,0.75,7.0,5.0,24.0,22.0,6,10,3,,,,,17.0
422,12/4/2018 7:18:49,Female,167.0,70.0,165.0,8.25,11.0,7.0,28.0,26.0,5,10,8,,,8.0,9.0,12.0
423,12/10/2018 6:57:31,Female,162.56,56.699,162.56,10.25,6.0,4.0,25.0,21.0,3,7,1,,,,,5.0
424,12/10/2018 7:31:21,Male,175.0,63.5,185.0,4.75,8.0,7.0,,,5,9,2,30.0,30.0,,,30.0
425,12/10/2018 7:55:23,Male,178.0,66.0,188.0,3.25,6.0,4.0,25.0,22.0,3,5,1,,,,,16.0
426,12/10/2018 8:45:47,Male,187.0,72.0,190.0,2.75,8.0,6.0,25.0,20.0,3,10,2,20.0,30.0,,,18.0
427,12/10/2018 9:27:16,Male,175.0,64.0,177.0,3.25,6.0,6.0,25.0,24.0,3,6,11,,,,,18.0
428,12/10/2018 9:38:01,Female,167.0,73.0,176.0,0.25,2.0,0.0,13.0,12.0,2,3,2,,,,,0.0
429,12/10/2018 9:43:51,Male,183.0,67.0,176.0,1.25,6.0,4.0,25.0,21.0,3,7,2,,,,,18.0
430,12/10/2018 9:48:55,Male,186.0,70.0,190.0,2.25,6.0,4.0,,,3,8,2,0.0,0.0,0.0,0.0,15.0
431,12/10/2018 9:51:31,Male,174.0,60.0,179.0,0.25,6.0,4.0,25.0,24.0,4,3,0,,,,,10.0
432,12/10/2018 9:54:14,Male,178.0,66.0,182.0,8.75,11.0,8.0,,,4,10,1,,,,,25.0
433,12/10/2018 10:11:26,Male,179.0,66.22,179.0,3.25,8.0,5.0,12.0,11.0,4,9,3,,,10.0,15.0,22.0
434,12/10/2018 11:01:04,Female,165.0,53.0,164.0,4.25,4.0,3.0,24.0,20.0,2,2,2,0.0,0.0,0.0,0.0,3.0
435,12/10/2018 13:11:52,Male,182.88,65.7,180.0,1.25,6.0,4.0,22.0,19.0,2,3,0,,,,,
436,12/10/2018 13:19:50,Male,180.0,86.0,180.0,1.25,5.0,4.0,25.0,23.0,3,3,3,0.0,0.0,0.0,0.0,10.0
437,12/10/2018 13:44:12,Male,184.0,87.0,185.0,2.25,4.0,3.0,20.0,17.0,3,2,3,0.0,0.0,0.0,0.0,13.0
438,12/10/2018 14:17:37,Male,188.0,65.0,190.0,1.25,4.0,3.0,25.0,18.0,2,4,0,,,,,12.0
439,12/10/2018 17:17:36,Male,180.0,76.0,187.0,1.75,6.0,4.0,24.0,23.0,3,3,3,20.0,0.0,12.0,18.0,22.0
440,12/10/2018 20:25:19,Male,193.0,76.0,200.0,0.25,4.0,2.0,19.0,18.0,2,4,0,,,,,12.0
441,12/11/2018 2:37:14,Male,177.0,69.0,172.0,0.75,5.0,3.0,,,3,8,1,,,,,3.0
442,12/11/2018 4:35:04,Male,180.0,72.0,180.0,3.25,8.0,5.0,26.0,24.0,4,12,9,22.6,20.4,8.0,8.0,20.0
443,12/11/2018 9:20:10,Male,167.0,62.5,172.0,1.25,7.0,4.0,24.0,22.0,4,12,0,,,,,25.0
444,12/11/2018 9:37:04,Male,173.0,130.0,178.0,2.25,7.0,4.0,25.0,21.0,3,6,0,,,,,15.0
445,12/11/2018 17:21:52,Male,177.8,58.967,185.928,4.75,9.0,7.0,,,4,8,0,,,,,13.0
446,12/11/2018 18:14:17,Male,180.0,59.0,185.0,3.25,5.0,3.0,,,2,6,0,,,,,11.0
447,12/12/2018 4:39:16,Male,176.0,73.3,184.0,6.75,7.0,4.0,25.0,20.0,2,4,2,,,,,12.0
448,12/12/2018 5:58:23,Female,165.0,63.5,164.0,3.75,6.0,3.0,26.0,23.0,2,6,1,,,,,10.0
449,12/13/2018 7:06:12,Male,178.0,72.0,177.0,1.25,4.0,3.0,20.0,19.0,3,3,5,0.0,0.0,15.0,15.0,15.0
450,12/14/2018 8:36:56,Female,160.0,117.0,160.0,0.75,5.0,3.0,22.0,20.0,3,8,0,,,,,5.0
451,12/14/2018 8:48:32,Female,168.0,140.0,170.0,5.75,6.0,2.0,22.0,18.0,2,3,4,,,,,3.0
452,1/5/2019 6:42:12,Male,193.0,86.0,193.0,1.25,7.0,2.0,23.0,17.0,3,9,0,,,,,10.0
453,1/8/2019 5:30:50,Male,175.0,77.0,179.0,2.25,6.0,4.0,,,3,6,0,10.0,5.0,12.0,15.0,15.0
454,1/9/2019 19:41:07,Male,188.0,82.0,186.0,0.25,4.0,3.0,23.0,21.0,3,11,1,,,,,9.0
455,1/24/2019 14:37:04,Female,171.0,68.0,167.0,3.75,5.0,4.0,,,3,7,0,,,,,6.0
456,3/2/2019 7:24:21,Male,186.0,80.0,188.0,10.75,9.0,6.0,,,3,3,3,25.0,25.0,8.0,8.0,15.0
457,3/7/2019 10:13:45,Female,167.64,56.699,167.64,2.75,8.0,6.0,27.0,25.0,4,16,3,,,,,20.0
458,3/13/2019 4:38:45,Male,185.0,78.0,185.0,7.25,8.0,4.0,26.0,21.0,2,3,10,44.0,44.0,8.0,8.0,12.0
459,3/19/2019 0:17:10,Male,180.0,72.5,185.0,9.75,8.0,4.0,28.0,19.0,2,5,1,,,,,14.0
460,4/4/2019 2:31:55,Male,175.0,65.5,177.0,4.25,8.0,5.0,26.0,24.0,2,5,2,,,,,15.0
461,4/4/2019 5:44:37,Male,183.0,73.0,188.0,1.75,10.0,8.0,25.0,24.0,3,6,3,10.0,20.0,10.0,10.0,55.0
462,4/27/2019 3:01:06,Male,180.0,165.0,180.0,3.25,8.0,5.0,26.0,24.0,4,10,8,,,,,25.0
463,5/21/2019 8:59:00,Male,175.0,67.0,179.0,1.25,7.0,5.0,,,4,8,4,,,,,20.0
464,5/21/2019 18:00:09,Male,175.0,175.0,178.0,9.25,6.0,4.0,26.0,24.0,2,5,1,,,,,17.0
465,6/15/2019 10:56:18,Male,179.0,63.0,181.0,0.75,4.0,2.0,,,2,4,4,,,,,15.0
466,6/15/2019 10:56:31,Male,179.0,63.0,181.0,0.75,4.0,2.0,,,2,4,4,,,,,15.0
467,6/22/2019 2:22:21,Male,182.0,65.0,184.0,0.75,5.0,3.0,27.0,24.0,2,6,0,,,,,
468,7/4/2019 0:45:56,Male,184.0,78.0,173.0,6.25,6.0,,25.0,24.0,4,16,3,,,,,13.0
469,7/20/2019 1:06:02,Male,177.0,73.5,177.0,7.75,10.0,6.0,,,4,4,7,52.5,55.0,,,
470,7/28/2019 12:21:28,Male,188.0,78.0,193.0,0.25,3.0,2.0,20.0,18.0,4,6,2,,,,,12.0
471,9/20/2019 9:23:39,Male,184.0,80.0,184.0,2.75,4.0,5.0,24.0,22.0,3,6,3,,,,,14.0
472,9/25/2019 2:38:22,Male,176.0,54.0,178.0,0.75,6.0,3.0,23.0,22.0,2,6,1,15.0,15.0,,,30.0
473,9/25/2019 11:59:25,Male,170.0,65.0,173.0,0.25,5.0,4.0,22.0,19.0,3,4,1,0.0,0.0,18.0,18.0,30.0
474,10/15/2019 9:18:32,Male,178.0,80.0,178.0,0.75,4.0,2.0,20.0,17.0,2,3,0,,,,,8.0
475,10/15/2019 10:06:36,Male,169.0,63.0,178.0,1.25,6.0,5.0,21.0,20.0,3,6,1,22.0,,,,24.0
476,10/15/2019 10:47:09,Male,168.5,76.0,178.0,0.75,5.0,3.0,23.0,20.0,1,4,4,,,,,30.0
477,10/15/2019 10:49:41,Male,173.0,70.0,174.0,2.75,6.0,6.0,22.0,20.0,3,9,1,0.0,0.0,0.0,0.0,18.0
478,10/15/2019 10:57:07,Female,157.0,59.0,144.0,1.75,4.0,2.0,23.0,18.0,5,10,0,,,,,
479,10/15/2019 14:21:03,Male,173.0,76.0,168.0,6.25,4.0,3.0,22.0,20.0,4,16,1,0.0,10.0,16.0,12.0,12.0
480,10/15/2019 14:46:05,Male,190.5,70.3,190.0,1.25,7.0,6.0,25.0,22.0,3,7,3,25.0,,10.0,,20.0
481,10/15/2019 14:55:34,Male,170.0,73.66,168.0,0.25,6.0,3.0,,,4,14,3,,,,,18.0
482,10/15/2019 18:03:07,Female,176.0,56.0,169.0,2.25,5.0,3.0,21.0,18.0,3,6,1,,,,,12.0
483,10/15/2019 18:05:02,Male,183.0,70.0,184.0,0.75,6.0,3.0,19.0,18.0,2,4,0,,,,,15.0
484,10/15/2019 18:08:36,Female,170.0,56.0,171.0,0.75,6.0,4.0,,,3,6,1,,,,,15.0
485,10/15/2019 18:30:32,Male,183.0,72.0,180.0,1.25,6.0,4.0,25.0,22.0,3,9,0,,,,,14.0
486,10/15/2019 20:18:50,Male,175.0,65.0,174.0,5.25,10.0,8.0,31.0,29.0,5,10,5,,,,,33.0
487,10/15/2019 20:57:31,Male,165.0,68.0,175.0,5.25,9.0,9.0,,,3,3,3,45.0,50.0,,,24.0
488,10/15/2019 21:04:57,Male,188.0,77.0,191.0,0.75,4.0,3.0,20.0,19.0,3,8,1,,,,,7.0
489,10/15/2019 21:05:50,Male,155.0,69.0,178.0,0.75,5.0,2.0,32.0,28.0,3,4,1,,,,,7.0
490,10/15/2019 21:07:26,Male,181.0,75.0,190.0,2.25,5.0,4.0,24.0,20.0,3,9,2,,,,,19.0
491,10/15/2019 21:30:43,Male,178.0,,,4.25,6.0,4.0,,,3,3,3,13.6,,,,4.0
492,10/15/2019 22:38:26,Male,180.0,68.0,185.0,13.25,9.0,5.0,28.0,24.0,5,5,8,,,,,
493,10/15/2019 22:45:44,Male,177.8,68.0,178.0,4.25,7.0,5.0,25.0,24.0,3,5,1,40.0,40.0,6.0,10.0,
494,10/15/2019 23:44:10,Female,163.0,56.0,168.0,2.25,5.0,3.0,26.0,24.0,4,10,1,,,,,15.0
495,10/15/2019 23:55:47,Male,173.0,65.0,177.0,4.75,10.0,6.0,28.0,25.0,3,2,5,,,,,12.0
496,10/16/2019 0:14:14,Male,178.0,65.0,180.0,0.75,5.0,3.0,21.0,19.0,2,7,1,,,,,12.0
497,10/16/2019 0:36:37,Male,185.0,74.0,185.0,12.75,7.0,5.0,25.0,21.0,4,12,1,,,,,15.0
498,10/16/2019 0:46:34,Male,185.0,75.0,187.0,1.75,7.0,5.0,26.0,21.0,3,9,2,,,,,17.0
499,10/16/2019 1:03:00,Male,175.0,68.0,175.0,0.25,5.0,4.0,19.0,18.0,3,9,2,,,,,14.0
500,10/16/2019 1:06:26,Male,172.72,81.647,170.0,0.75,8.0,5.0,22.0,19.0,3,14,0,,,,,
501,10/16/2019 1:18:11,Male,176.0,78.0,80.0,1.25,4.0,3.0,20.0,17.0,3,4,4,,,,,10.0
502,10/16/2019 1:19:00,Male,175.0,72.0,177.0,1.75,8.0,5.0,26.0,24.0,4,8,0,25.0,,,,20.0
503,10/16/2019 2:03:19,Male,178.0,76.0,175.0,1.75,8.0,5.0,26.0,22.0,3,7,3,0.0,20.0,,,10.0
504,10/16/2019 2:57:31,Male,172.72,64.5,68.0,3.25,7.0,4.0,27.0,24.0,3,4,0,,,,,
505,10/16/2019 3:37:34,Male,175.0,63.0,176.0,1.25,6.0,4.0,,,4,8,2,,,,,15.0
506,10/16/2019 3:47:56,Male,164.0,65.0,168.0,1.25,6.0,4.0,20.0,17.0,3,7,1,,,,,10.0
507,10/16/2019 4:27:32,Male,180.0,63.5,175.0,2.25,5.0,3.0,23.0,19.0,2,4,2,,,,,12.0
508,10/16/2019 6:04:18,Male,180.0,70.0,180.0,3.75,11.0,9.0,,,4,5,4,10.0,10.0,10.0,10.0,30.0
509,10/16/2019 6:04:53,Male,173.0,67.0,176.0,0.75,5.0,3.0,,,3,6,5,20.0,,,,13.0
510,10/16/2019 9:27:01,Male,181.0,78.0,175.0,0.75,4.0,2.0,,,3,5,0,,,,,2.0
511,10/16/2019 10:21:40,Male,175.0,68.0,175.0,14.75,8.0,7.0,28.0,27.0,1,3,3,,,8.0,10.0,30.0
512,10/16/2019 13:56:43,Female,156.0,53.0,152.4,0.25,5.0,4.0,23.0,19.0,3,2,0,,,,,
513,10/16/2019 15:08:13,Female,169.0,65.0,174.0,0.25,4.0,2.0,22.0,18.0,2,4,1,,,,,2.0
514,10/16/2019 15:29:46,Male,178.0,71.0,182.0,2.25,8.0,4.0,,,3,6,0,,,,,
515,10/16/2019 21:55:17,Male,162.0,56.0,162.0,2.75,8.0,6.0,26.0,23.0,4,12,3,,,,,30.0
516,10/16/2019 22:58:13,Male,189.0,75.0,189.0,0.75,5.0,2.0,21.0,19.0,2,3,2,,,,,
517,10/17/2019 1:00:47,Female,162.5,59.0,161.0,1.75,4.0,2.0,,,2,3,0,,,,,3.0
518,10/17/2019 3:27:18,Male,170.0,65.0,173.0,13.25,10.0,7.0,29.0,25.0,4,8,3,,,,,
519,10/17/2019 8:20:53,Male,180.0,72.0,185.0,7.75,7.0,6.0,29.0,27.0,4,9,6,16.0,16.0,10.0,10.0,18.0
520,10/17/2019 9:22:13,Male,180.0,75.0,180.0,1.75,5.0,3.0,21.0,19.0,0,5,0,,,,,7.0
521,10/17/2019 22:36:57,Male,170.0,70.0,170.0,0.75,5.0,4.0,24.0,22.0,5,15,5,15.0,2.5,,,15.0
522,10/18/2019 2:06:13,Male,181.0,180.0,185.0,0.25,4.0,2.0,20.0,18.0,3,2,10,2.5,0.0,18.0,18.0,28.0
523,10/18/2019 2:11:58,Male,170.0,66.0,170.0,0.75,,,23.0,20.0,3,6,6,18.0,0.0,,,25.0
524,10/18/2019 3:15:42,Male,188.0,80.0,191.0,2.75,7.0,4.0,20.0,17.0,3,8,1,30.0,30.0,11.0,11.0,15.0
525,10/18/2019 10:19:58,Male,188.0,71.0,185.0,2.75,9.0,6.0,,,4,7,4,38.0,,,,20.0
526,10/20/2019 15:21:34,Male,183.0,155.0,195.0,3.75,4.0,2.0,,,2,5,0,,,,,20.0
527,10/22/2019 7:45:41,Male,167.64,60.328,169.0,0.75,5.0,3.0,28.0,24.0,3,5,1,,,,,5.0
528,11/4/2019 5:17:28,Male,171.0,67.2,167.0,15.0,12.0,8.0,,,3,5,4,36.3,25.0,,,
529,11/12/2019 16:54:03,Male,178.0,77.0,178.0,0.75,6.0,4.0,24.0,23.0,3,9,2,,,,,13.0
530,11/14/2019 3:39:24,Male,183.0,68.3,186.0,0.25,5.0,3.0,24.0,22.0,5,7,4,,,,,15.0
531,11/16/2019 19:48:43,Male,173.0,60.0,175.0,4.75,10.0,7.0,27.0,25.0,4,6,12,45.0,45.0,6.0,6.0,18.0
532,12/13/2019 6:49:15,Female,169.0,65.0,168.0,15.0,5.0,3.0,22.0,18.0,1,2,0,,,,,1.0
533,12/25/2019 10:29:26,Male,175.0,57.0,175.0,1.75,11.0,8.0,30.0,28.0,3,10,2,36.0,,,,23.0
534,12/28/2019 2:42:50,Male,178.0,71.0,185.0,11.25,8.0,6.0,,,3,3,1,55.0,,8.0,20.0,18.0
535,1/9/2020 1:50:45,Male,179.0,69.0,185.0,15.0,9.0,5.0,25.0,20.0,3,10,3,90.0,90.0,,,25.0
536,1/21/2020 6:41:11,Male,178.0,60.0,178.0,8.25,8.0,6.0,25.0,22.0,2,5,1,70.0,70.0,6.0,6.0,25.0
537,1/26/2020 7:33:07,Male,180.0,73.0,183.0,5.25,8.0,4.0,25.0,20.0,2,5,2,,,,,20.0
538,2/6/2020 5:32:29,Male,178.0,75.0,166.0,1.75,4.0,2.0,22.0,19.0,2,1,5,,,,,7.0
539,2/18/2020 7:56:55,Male,185.0,82.0,188.0,0.75,5.0,2.0,,,2,6,6,0.0,0.0,0.0,0.0,15.0
540,3/1/2020 9:23:50,Male,178.0,72.0,178.0,1.75,6.0,4.0,24.0,20.0,4,10,2,25.0,,,,
541,3/10/2020 16:42:52,Male,179.0,82.0,182.0,2.25,5.0,3.0,,,4,13,1,0.0,0.0,20.0,20.0,9.0
542,3/25/2020 14:10:54,Male,185.3,87.0,188.0,0.25,5.0,3.0,24.0,21.0,3,12,4,17.0,17.0,12.0,12.0,14.0
543,3/26/2020 3:22:45,Male,178.0,68.0,178.0,0.75,5.0,4.0,22.0,19.0,3,1,2,10.0,0.0,10.0,12.0,12.0
544,4/3/2020 12:25:50,Male,172.0,65.7,172.0,5.75,9.0,7.0,28.0,26.0,4,10,0,21.0,,,,
545,4/10/2020 14:19:19,Male,182.0,70.0,190.5,5.25,7.0,5.0,,,3,5,3,,,7.0,,25.0
546,4/11/2020 8:32:22,Male,170.0,68.0,170.0,1.25,4.0,2.0,20.0,18.0,1,2,1,,,,,6.0
547,4/17/2020 1:43:57,Male,192.0,75.0,198.0,0.75,6.0,4.0,,,3,7,7,,,,,15.0
548,4/26/2020 11:15:28,Female,160.0,45.0,161.0,3.75,8.0,6.0,28.0,,4,8,3,,27.0,,,20.0
549,5/6/2020 13:54:59,Male,173.0,61.235,173.0,2.25,5.0,4.0,29.0,27.0,3,4,1,,,,,
550,5/13/2020 1:04:32,Male,178.0,70.0,187.0,15.0,12.0,7.0,30.0,24.0,3,10,3,45.0,70.0,,,30.0
551,5/13/2020 9:48:02,Female,172.0,62.0,175.0,15.0,5.0,2.0,25.0,20.0,3,12,12,6.0,7.0,,,0.0
552,5/16/2020 5:12:51,Male,170.0,65.0,171.0,2.75,10.0,8.0,25.0,22.0,3,10,1,40.0,35.0,,,20.0
553,5/27/2020 21:11:40,Male,173.0,73.0,182.0,0.75,5.0,4.0,,,3,10,5,7.5,7.5,12.0,12.0,9.0
554,5/30/2020 13:50:28,Male,174.3,61.7,182.0,2.75,5.0,4.0,,,1,4,3,,,,,
555,6/11/2020 9:47:09,Male,188.0,86.0,203.0,1.75,5.0,4.0,,,2,4,2,29.0,,12.0,,18.0
556,7/6/2020 4:56:31,Male,193.0,91.5,193.0,4.25,7.0,6.0,,,2,4,4,22.5,,,,
557,7/6/2020 11:55:24,Male,172.72,55.0,177.8,0.75,4.0,3.0,,,2,12,0,,,,,17.0
558,7/14/2020 6:12:39,Male,180.0,81.0,182.0,9.75,7.0,4.0,29.0,25.0,3,8,4,35.0,40.0,8.0,8.0,
559,7/25/2020 1:21:07,Male,110.0,60.0,110.0,1.25,6.0,5.0,16.0,22.0,5,11,10,60.0,123.0,10.0,312.0,30.0
560,7/26/2020 2:07:46,Male,180.0,68.0,182.0,1.25,6.0,4.0,,,3,12,10,20.0,40.0,,10.0,15.0
561,8/2/2020 7:58:36,Male,182.0,76.0,200.0,4.25,9.0,7.0,31.0,27.0,3,6,7,36.0,32.0,4.0,6.0,27.0
562,8/8/2020 0:07:34,Male,186.0,74.0,191.0,9.75,9.0,5.0,,,3,4,4,30.0,25.0,,,15.0
563,8/23/2020 6:42:37,Male,178.0,75.0,195.0,1.25,3.0,3.0,24.0,19.0,2,5,0,,,,,
564,8/24/2020 5:48:35,Male,187.0,80.0,182.0,3.25,2.0,1.0,18.0,15.0,2,4,0,,,,,5.0
565,9/7/2020 3:58:24,Female,165.0,52.0,172.0,12.75,8.0,4.0,28.0,,5,12,10,28.0,,,,15.0
566,9/11/2020 7:14:24,Male,168.0,61.6,168.0,3.25,9.0,6.0,,,3,9,3,50.0,50.0,6.0,6.0,
567,9/16/2020 9:52:00,Male,183.0,68.0,183.0,15.0,6.0,4.0,25.0,23.0,3,7,0,100.0,,,,
568,10/11/2020 6:20:54,Male,173.0,69.0,155.0,15.0,7.0,5.0,26.0,20.0,3,2,6,,,,,
569,10/21/2020 2:47:59,Male,182.0,78.0,193.0,0.75,5.0,5.0,24.0,21.0,4,10,0,5.0,0.0,15.0,18.0,18.0
570,10/31/2020 7:13:02,Male,190.0,77.0,200.0,8.25,8.0,4.0,28.0,26.0,6,8,4,17.0,17.0,10.0,10.0,15.0
571,11/10/2020 20:57:45,Male,170.0,62.0,170.0,5.25,11.0,8.0,30.0,29.0,3,5,3,,,,,
572,11/17/2020 0:02:48,Male,160.0,56.0,165.0,11.25,8.0,5.0,31.0,28.0,3,11,10,36.0,,,,
573,11/17/2020 10:11:58,Male,180.0,72.0,75.0,6.75,11.0,8.0,27.0,24.0,4,15,1,50.0,50.0,,,23.0
574,11/23/2020 1:48:46,Male,182.0,78.0,188.0,1.25,7.0,6.0,,,5,10,2,,,,,20.0
575,12/29/2020 15:34:37,Male,160.0,56.0,165.0,11.25,8.0,5.0,31.0,28.0,4,12,6,,43.0,,,
576,1/19/2021 1:16:01,Male,182.0,84.0,193.0,2.75,7.0,6.0,21.0,21.0,4,8,4,32.0,35.0,,,12.0
577,2/5/2021 8:08:30,Male,185.0,77.0,189.0,3.75,8.0,5.0,,,3,8,10,29.0,43.0,,,23.0
578,2/23/2021 0:02:06,Male,174.0,59.0,177.0,4.25,11.0,8.0,,,4,10,3,,,,,22.0
579,3/22/2021 19:02:38,Male,180.0,71.0,180.0,1.25,5.0,3.0,30.0,28.0,2,4,0,,,,,10.0
580,3/25/2021 8:40:43,Male,177.0,78.0,180.0,1.25,1.0,1.0,27.0,27.0,3,3,4,25.0,15.0,12.0,15.0,15.0
581,4/8/2021 5:13:14,Female,158.75,58.96,155.0,2.75,3.0,1.0,22.0,19.0,1,2,1,,,,,1.0
582,4/18/2021 15:47:45,Male,172.0,65.0,182.0,15.0,6.0,6.0,27.0,24.0,3,10,4,,27.0,,,70.0
583,4/28/2021 17:33:29,Male,176.0,76.0,177.0,13.75,7.0,3.0,26.0,21.0,2,8,0,,,,,25.0
584,4/29/2021 18:00:57,Male,181.0,68.0,181.0,1.75,4.0,3.0,22.0,20.0,3,8,1,,,,,13.0
585,6/23/2021 6:05:22,Male,172.0,82.5,191.7,2.25,7.0,5.0,22.0,19.0,2,4,2,,,,,
586,7/3/2021 19:34:53,Male,165.0,63.0,165.0,8.75,11.0,9.0,31.0,30.0,4,12,4,50.0,50.0,6.0,6.0,10.0
587,7/4/2021 5:12:16,Male,164.0,68.0,164.0,4.75,5.0,4.0,29.0,25.0,2,3,4,40.0,40.0,,,25.0
588,7/6/2021 7:03:56,Male,178.0,65.0,182.0,3.75,7.0,5.0,27.0,23.0,3,4,2,,,,,30.0
589,7/7/2021 8:38:03,Male,172.0,53.0,172.0,7.25,9.0,6.0,,,2,6,3,41.25,41.25,6.0,6.0,15.0
590,7/12/2021 1:01:29,Male,180.0,78.0,180.0,15.0,10.0,8.0,14.0,,3,4,4,,,,,
591,8/22/2021 13:39:42,Male,180.0,63.5,181.0,1.25,4.0,3.0,22.0,18.0,1,2,1,36.0,20.0,,,20.0
592,10/16/2021 10:27:30,Male,172.0,57.0,172.0,2.25,6.0,4.0,26.0,24.0,2,4,2,,,,,15.0
593,11/21/2021 5:42:53,Male,201.1,89.0,186.0,2.75,9.0,7.0,25.0,24.0,4,6,2,70.0,50.0,,,30.0
594,1/3/2022 20:56:00,Male,186.0,67.0,191.0,14.25,9.0,6.0,,,1,4,4,27.0,23.0,8.0,12.0,17.0
595,3/24/2022 22:54:50,Male,187.0,63.0,190.0,5.75,8.0,6.0,29.0,25.0,3,6,2,23.0,25.0,10.0,12.0,21.0
596,4/4/2022 13:58:48,Male,183.0,84.0,185.0,1.75,9.0,5.0,23.0,19.0,3,12,0,20.0,10.0,6.0,6.0,15.0
597,4/23/2022 1:33:55,Male,173.0,68.0,173.0,8.25,12.0,10.0,29.0,27.0,4,10,4,150.0,100.0,6.0,10.0,25.0
598,4/29/2022 2:31:04,Male,186.0,73.0,192.0,1.25,5.0,4.0,,,3,9,0,25.0,25.0,15.0,15.0,
599,6/12/2022 21:32:59,Male,181.0,75.0,180.0,15.0,9.0,5.0,29.0,27.0,3,8,1,62.0,66.0,18.0,,12.0
600,7/22/2022 5:52:04,Male,173.0,70.0,173.0,0.25,4.0,2.0,,,1,3,4,,,,,20.0
601,9/5/2022 5:14:39,Male,178.0,67.0,183.0,0.75,8.0,5.0,,,5,15,3,35.0,50.0,10.0,,
602,11/13/2022 10:22:53,Female,168.0,62.0,168.0,11.75,8.0,4.0,29.0,21.0,3,3,3,,38.0,,,
603,12/26/2022 12:36:54,Male,173.0,67.0,173.0,1.25,5.0,3.0,24.0,21.0,3,6,0,,,,,8.0
604,1/16/2023 8:12:11,Female,159.0,54.0,161.0,15.0,9.0,6.0,,,3,5,5,17.0,17.0,12.0,12.0,8.0
605,1/25/2023 9:47:49,Male,179.0,78.0,178.0,0.25,3.0,2.0,22.0,20.0,3,2,0,,,,,
606,1/30/2023 11:00:42,Female,150.0,49.0,150.0,1.25,3.0,2.0,,,2,4,0,,,,,
607,2/19/2023 3:31:04,Male,8.0,889.0,60.0,2.75,4.0,3.0,19.0,17.0,4,7,10,65.0,70.0,5.0,7.0,
608,2/23/2023 23:54:46,Male,175.0,65.0,175.0,7.25,5.0,4.0,24.0,22.0,1,2,0,,,,,25.0
609,5/17/2023 4:18:56,Male,172.0,72.0,181.0,0.75,7.0,6.0,,,3,6,2,30.0,29.0,,,19.0
610,5/18/2023 9:39:18,Male,183.0,75.0,183.0,1.75,4.0,2.0,24.0,19.0,3,7,1,10.0,8.0,15.0,,15.0
611,6/4/2023 0:58:27,Male,183.0,77.0,192.0,0.75,8.0,4.0,,,3,7,0,,,,,
612,7/1/2023 7:05:02,Male,174.0,64.0,178.0,12.25,8.0,6.0,26.0,24.0,3,5,12,25.0,20.0,,12.0,14.0
613,7/26/2023 22:41:51,Female,168.0,62.0,40.0,0.25,2.0,1.0,,,1,2,1,0.0,,,,
614,8/10/2023 13:24:51,Male,180.0,60.0,175.0,0.25,6.0,4.0,,,2,3,0,,,,,4.0
615,8/10/2023 13:34:47,Male,169.0,58.0,169.0,0.75,7.0,5.0,,,2,3,0,0.0,0.0,0.0,0.0,16.0
616,8/31/2023 0:42:05,Male,168.0,62.0,172.0,2.25,4.0,2.0,20.0,17.0,2,0,4,0.0,0.0,14.0,20.0,6.0
617,9/12/2023 14:48:50,Male,181.0,80.0,184.0,1.25,6.0,3.0,,,2,5,2,,40.0,6.0,6.0,18.0
618,9/14/2023 22:12:29,Male,182.0,65.0,182.0,3.25,12.0,10.0,,,4,8,8,60.0,55.0,,,
619,9/25/2023 0:58:57,Male,170.0,85.0,170.0,0.75,5.0,4.0,,,6,8,4,10.0,15.0,,,12.0
620,10/22/2023 4:18:00,Male,183.0,70.0,181.0,4.75,7.0,5.0,27.0,24.0,3,9,1,,,,,13.0
621,11/6/2023 23:16:05,Male,171.0,65.0,177.0,1.75,8.0,6.0,26.0,23.0,2,5,4,23.0,0.0,0.0,0.0,12.0
622,11/14/2023 13:22:09,Male,167.6,54.4,160.0,3.25,7.0,3.0,22.0,18.0,1,2,1,,,,,10.0
623,11/28/2023 5:37:05,Male,1.75,66.0,1.8,0.75,7.0,5.0,25.0,22.0,4,5,3,25.0,35.0,,,32.0
624,12/21/2023 23:29:51,Male,196.0,75.0,199.0,3.25,10.0,8.0,,,3,13,0,50.0,,,,23.0
625,1/2/2024 9:21:16,Female,152.0,38.4,154.0,5.75,7.0,5.0,28.0,26.0,5,12,3,,,,,17.0
626,1/12/2024 21:20:58,Male,184.0,82.0,190.0,4.25,8.0,4.0,28.0,25.0,2,5,3,16.5,,,,16.0
627,1/23/2024 12:15:07,Male,177.0,50.0,177.0,3.75,6.0,4.0,21.0,20.0,2,4,1,25.0,20.0,,,18.0
628,1/26/2024 4:29:27,Male,186.0,83.0,186.0,1.75,6.0,3.0,19.0,17.0,2,2,1,,,20.0,,28.0
629,1/30/2024 8:37:39,Male,178.0,74.0,190.0,12.75,8.0,6.0,30.0,27.0,3,5,4,40.0,40.0,,,1.0
630,2/19/2024 9:50:55,Male,182.0,77.0,178.8,1.75,5.0,3.0,19.0,15.0,2,4,0,2.5,,,,7.0
631,3/5/2024 19:32:55,Female,169.2,61.0,169.2,2.25,5.0,3.0,24.0,21.0,2,4,1,,,,,9.0
632,3/13/2024 23:44:14,Male,173.0,73.0,172.0,3.25,4.0,3.0,21.0,18.0,3,6,2,,10.0,,,8.0
633,3/21/2024 3:28:42,Male,175.0,70.0,185.0,1.75,6.0,3.0,,,2,6,0,,,,,8.0
634,3/24/2024 7:59:08,Male,175.0,63.0,181.0,0.25,6.0,2.0,,,1,3,4,5.0,5.0,15.0,15.0,15.0
635,3/27/2024 2:18:12,Female,163.0,63.0,65.0,0.25,5.0,4.0,19.0,18.0,2,4,0,,,,,13.0
636,3/28/2024 8:58:34,Female,161.0,53.0,159.0,4.25,7.0,3.0,25.0,19.0,3,9,0,,,,,3.0
637,4/14/2024 11:17:35,Male,180.0,53.0,200.0,0.25,6.0,5.0,24.0,20.0,3,8,2,0.0,0.0,,0.0,15.0
638,4/22/2024 4:19:42,Male,184.0,74.0,194.0,4.75,8.0,6.0,28.0,26.0,2,3,5,38.0,15.0,,,25.0
639,5/18/2024 7:14:15,Male,190.0,107.0,190.0,3.75,4.0,3.0,27.0,25.0,1,3,0,,,,,0.0
640,5/20/2024 3:34:09,Male,170.0,70.0,170.0,1.25,7.0,4.0,,,3,9,8,34.0,,,,
641,7/1/2024 8:27:49,Male,185.0,85.0,185.0,9.25,7.0,5.0,29.0,25.0,3,6,3,15.0,,,,13.0
642,7/19/2024 5:55:02,Male,150.0,38.0,150.0,1.75,7.0,4.0,,,5,13,3,,,6.0,7.0,12.0
643,8/21/2024 21:37:03,Female,173.0,67.0,180.0,2.25,,,24.0,22.0,2,3,2,,,,,2.0
644,9/4/2024 4:43:29,Male,182.0,66.0,182.0,2.25,5.0,4.0,24.0,19.0,2,4,3,,,,,10.0
645,9/5/2024 6:10:30,Male,170.0,63.0,176.0,3.75,5.0,5.0,,,2,4,3,5.0,10.0,,,17.0
646,10/21/2024 21:47:55,Female,172.0,59.0,172.0,3.25,4.0,3.0,19.0,19.0,3,3,3,,,,,3.0
647,10/23/2024 22:53:56,Male,176.0,69.0,179.0,3.25,8.0,6.0,,,4,5,16,50.0,55.0,,,27.0
648,11/11/2024 5:18:20,Female,163.0,54.0,164.0,5.75,8.0,6.0,27.0,24.0,4,6,2,,,,,15.0
649,11/13/2024 0:32:09,Male,174.0,65.0,160.0,10.25,,,25.0,20.0,1,4,2,17.0,17.0,0.0,0.0,12.0
650,11/24/2024 7:54:04,Male,186.0,84.09,186.0,0.25,3.0,2.0,,,2,4,6,,,,,14.0
651,12/15/2024 1:40:05,Male,190.0,83.0,196.0,0.75,7.0,5.0,22.0,20.0,5,10,3,25.0,30.0,10.0,10.0,8.0
652,12/29/2024 12:15:17,Male,187.0,81.0,189.0,15.0,7.0,5.0,25.0,21.0,2,8,3,,,,,12.0
653,1/17/2025 20:44:30,Male,169.0,68.0,153.0,10.25,6.0,4.0,24.0,20.0,2,4,2,25.0,25.0,,,10.0
654,1/19/2025 8:42:10,Female,170.0,64.0,172.0,2.75,7.0,3.0,24.0,18.0,4,10,2,0.0,0.0,20.0,,2.0
655,3/4/2025 9:17:21,Male,174.0,62.0,176.0,2.75,,,24.0,19.0,2,5,1,10.0,10.0,15.0,18.0,19.0
656,3/29/2025 14:33:42,Male,182.88,86.18,193.04,9.75,8.0,6.0,25.0,23.0,3,5,3,,138.0,,,13.0
657,5/27/2025 8:54:39,Male,175.0,75.0,186.0,6.25,8.0,5.0,25.0,,3,10,2,,,,,
658,5/29/2025 1:29:25,Male,178.0,80.0,183.0,1.75,6.0,3.0,22.0,18.0,2,5,2,0.0,0.0,20.0,20.0,12.0
659,6/4/2025 22:05:03,Male,195.0,88.0,195.0,15.0,11.0,8.0,32.0,29.0,3,6,0,40.0,,,,19.0
660,6/6/2025 8:12:08,Male,173.0,67.0,175.0,9.25,10.0,6.0,26.0,24.0,3,5,1,30.0,30.0,7.0,7.0,16.0
661,6/11/2025 20:42:50,Male,180.0,75.5,187.0,3.25,9.0,7.0,34.0,30.0,2,6,6,35.0,37.0,,,30.0
662,10/26/2025 21:28:12,Male,164.0,44.0,162.0,1.25,4.0,2.0,,,2,4,1,13.0,,,,8.0
663,11/11/2025 1:33:28,Male,173.0,68.0,171.0,5.25,8.0,5.0,,,3,6,2,34.0,30.0,6.0,6.0,15.0
664,11/12/2025 22:24:18,Male,168.0,68.0,168.0,13.25,4.0,3.0,18.0,15.0,3,6,3,0.0,0.0,0.0,0.0,10.0
665,1/24/2026 12:35:01,Male,175.25,56.7,176.0,7.25,9.0,7.0,30.0,24.0,2,3,2,20.4,,,,30.0
666,3/17/2026 7:24:12,Male,183.0,82.0,183.0,0.25,6.0,4.0,,,1,2,1,35.0,,,,22.0
667,3/19/2026 20:53:55,Male,167.64,58.967,170.18,3.75,8.0,6.0,24.0,24.0,3,6,1,,,15.0,20.0,10.0
668,4/7/2026 11:50:10,Male,172.2,72.7,181.0,15.0,8.0,7.0,29.0,28.0,2,5,2,45.0,55.0,5.0,5.0,17.0
